Year,State,Avg CO2,Avg NO2,Avg Ozone,Avg PM10,Avg PM2.5,Avg SO2,Asthma Prevalence%
2011,Alabama,0.339709086,,0.031073764,22.85460553,11.45067603,1.429566666,11.9
2011,Alaska,0.636912797,,0.023301589,14.68304221,5.613680827,7.641809886,14.0
2011,Arizona,0.385132998,16.01458499,0.037590943,40.36048822,9.294981775,2.494410475,14.1
2011,Arkansas,0.447883272,9.987569205,0.031661157,21.32338308,11.59978214,1.615695329,14.2
2011,California,0.359915429,11.01324525,0.031693713,25.87918989,10.72372206,0.788522963,14.0
2011,Colorado,0.340876923,8.275910636,0.040895209,22.48895899,7.266348891,1.617793346,12.9
2011,Connecticut,0.34506739,9.940505836,0.033597336,12.8027027,9.304800873,1.273658047,14.8
2011,Delaware,0.285896067,11.45660144,0.031206851,,10.53315846,1.557989087,14.0
2011,District of Columbia,0.694592815,15.49629591,0.029266978,18.01639344,10.52732625,2.728871053,15.8
2011,Florida,0.22962368,5.448281516,0.030168229,17.57488271,7.938910915,0.912714282,12.3
2011,Georgia,0.318733331,6.757232071,0.034717248,19.12947067,11.97324399,1.639034696,14.1
2011,Hawaii,0.348887384,2.764821083,0.023143135,15.64913793,6.775678129,6.858596645,16.2
2011,Idaho,0.271950681,10.41788203,0.038376557,17.51428571,10.22190929,3.088247664,13.2
2011,Illinois,0.418425271,15.09007516,0.029746785,23.9943662,10.51517857,1.740942807,13.5
2011,Indiana,0.540096115,10.09256224,0.033723983,21.2880597,12.56051528,2.64019515,13.9
2011,Iowa,0.21076314,7.78359155,0.032113656,23.58894984,10.64401944,1.368455058,11.8
2011,Kansas,0.295224052,8.175858674,0.034120902,22.40721443,9.412400636,1.907384455,12.9
2011,Kentucky,0.439026047,6.110071582,0.034172253,18.98472776,11.1562007,1.885501068,15.0
2011,Louisiana,0.221414979,7.120034339,0.029034741,23.87983035,10.30552742,4.218854476,11.1
2011,Maine,0.205089317,5.634133314,0.029303279,13.90725327,,0.593295581,16.8
2011,Maryland,0.249187844,15.30051466,0.033938873,12.95846645,11.08112077,1.417119229,13.8
2011,Massachusetts,0.292764342,11.53464331,0.031996604,14.13439306,8.942016492,2.1000424,15.3
2011,Michigan,0.314958696,8.39551719,0.033075818,18.94825175,8.855008835,1.859032989,14.8
2011,Minnesota,0.113033371,7.153362946,0.030676416,24.54101222,8.474214988,0.389283707,10.9
2011,Mississippi,0.242718275,4.788376784,0.033530918,17.91588785,11.45236323,0.955603491,12.4
2011,Missouri,0.270996108,14.2422404,0.037425644,26.04349776,10.96749092,3.680404381,13.8
2011,Montana,0.222223578,2.08210207,0.031812966,21.86020408,7.827270365,1.641049953,13.4
2011,Nebraska,0.334823611,,0.031817469,29.24071429,9.802180307,1.555123882,11.5
2011,Nevada,0.417270702,11.76215408,0.037340232,18.69302486,6.636064038,0.855156952,13.8
2011,New Hampshire,0.317916988,2.145117445,0.030368756,9.069164265,7.88342401,2.122786608,15.4
2011,New Jersey,0.394316752,16.58271811,0.02922618,29.27894737,9.952208381,1.723186922,13.0
2011,New Mexico,0.402409131,7.699746941,0.036299491,31.00746269,6.431324405,0.584584506,15.3
2011,New York,0.328033382,10.6801192,0.029463007,,9.224890006,1.520880115,14.5
2011,North Carolina,0.361916625,8.957481211,0.035512902,14.70916609,9.787550835,0.846300007,13.2
2011,North Dakota,0.165214312,2.477435474,0.032227297,12.69721689,7.041240213,0.672089893,11.5
2011,Ohio,0.316603159,10.54546996,0.033123986,20.13119143,11.72796064,2.868967706,13.6
2011,Oklahoma,0.227586811,7.643043655,0.038080108,23.72065549,10.74228856,2.071437565,14.4
2011,Oregon,0.338233156,9.404290394,0.025565704,13.22929936,8.531458591,0.756050353,16.7
2011,Pennsylvania,0.228847168,10.69682082,0.029820289,17.56733369,11.5003072,2.572428743,12.9
2011,Rhode Island,0.234277617,7.664880235,0.03205169,12.9375,8.27951186,1.228615201,16.3
2011,South Carolina,0.202710952,6.254312312,0.033685278,19.76597477,10.75391047,0.678335591,12.9
2011,South Dakota,0.16377581,4.175256006,0.033331143,16.94097222,6.478712432,0.538911407,11.2
2011,Tennessee,0.342747086,9.265283835,0.035495176,19.67272727,13.1075846,2.273041302,10.4
2011,Texas,0.219607865,7.231647274,0.031728305,26.97503744,10.84137875,0.79977437,12.3
2011,Utah,0.429101804,9.040386888,0.040096671,21.27845982,7.214173824,1.340928496,13.5
2011,Vermont,0.344136244,7.898348532,0.031097033,9.149717514,7.414694656,1.831213543,15.8
2011,Virginia,0.253383018,8.642543168,0.034329546,15.79701493,9.484853075,1.098708723,12.8
2011,Washington,0.315062986,5.810815006,0.025485647,18.59949833,7.816742198,0.677696661,14.4
2011,West Virginia,0.394658441,,0.031276376,16.00139567,11.10916976,4.64624677,12.0
2011,Wisconsin,0.144372049,5.888540199,0.033379969,14.67457627,9.559787271,2.078029276,11.9
2011,Wyoming,0.137808154,2.303879487,0.040921399,15.82299674,4.263114975,0.913733777,13.4
2012,Alabama,0.360635832,,0.030211798,18.5610998,9.986335643,1.509699803,13.5
2012,Alaska,0.682588933,,0.023341747,16.26631079,5.673691405,8.306931114,14.0
2012,Arizona,0.394270759,17.03013885,0.037280416,38.55349821,8.741075923,3.138144674,13.5
2012,Arkansas,0.467875328,9.960939569,0.033581492,19.11111111,10.41037786,1.473341698,12.6
2012,California,0.349654453,10.43330614,0.032748259,25.71163458,9.263683931,0.655483419,14.4
2012,Colorado,0.319406598,7.561362102,0.04130686,23.79112998,7.74814248,1.0578007,12.9
2012,Connecticut,0.320282502,8.109864429,0.035286336,12.32598039,8.045964725,0.862446246,14.3
2012,Delaware,0.277460797,8.709592185,0.030528642,,9.856529571,0.802519604,13.6
2012,District of Columbia,0.639856689,15.25817467,0.029507639,16.93006993,10.53358335,1.538781101,14.7
2012,Florida,0.22751048,5.540160597,0.028942212,17.71991376,7.410292554,0.510015048,12.6
2012,Georgia,0.326273905,6.256915929,0.032012431,17.93732194,10.58976538,1.429071666,13.0
2012,Hawaii,0.396409861,2.852102758,0.022133461,15.25932836,7.876666847,11.26275027,14.3
2012,Idaho,0.287493967,10.40247248,0.035876696,20.52868288,13.49857917,2.792884711,11.6
2012,Illinois,0.388191976,14.9078095,0.03098635,29.38826185,,1.408764316,12.5
2012,Indiana,0.5615263,9.528125849,0.036128074,22.25244073,11.67331068,2.418994028,13.0
2012,Iowa,0.223520596,5.997578898,0.035700982,24.97643098,9.916741372,1.340048773,11.7
2012,Kansas,0.376133306,7.584643026,0.034515973,22.52462956,8.423860182,1.26129036,11.9
2012,Kentucky,0.320975631,6.061612859,0.035502856,19.35714286,10.77156003,1.489502447,16.0
2012,Louisiana,0.221186659,6.976247499,0.028268727,21.67711301,9.430461703,3.177883444,12.1
2012,Maine,0.239254318,5.455319851,0.030273075,15.53277712,,0.555109304,14.9
2012,Maryland,0.212408788,12.31093171,0.03475536,13.09937888,10.0794002,0.944037746,13.4
2012,Massachusetts,0.290975008,9.474699311,0.032966265,13.99263623,8.420305344,1.811151249,15.5
2012,Michigan,0.268030109,10.23590624,0.036091258,26.78847093,8.762738161,1.962280002,15.5
2012,Minnesota,0.083645516,5.981087906,0.030625324,20.1180989,7.956726074,0.378796601,11.3
2012,Mississippi,0.210250485,4.023180052,0.033111089,17.37777778,11.23213615,0.74419238,11.7
2012,Missouri,0.273933613,14.16493191,0.039694085,25.39869281,10.39670124,3.422529699,14.4
2012,Montana,0.097503794,1.453141057,0.029613555,22.2520503,9.693127487,1.146632836,13.7
2012,Nebraska,0.363464167,,0.035165203,34.05828422,9.187323324,1.55245534,10.8
2012,Nevada,0.431770398,11.40289582,0.038964206,21.59841755,7.642845562,0.852539622,11.6
2012,New Hampshire,0.251717561,1.7731655,0.031191036,9.72,6.510934787,0.996571061,14.1
2012,New Jersey,0.423893841,14.34617832,0.029748386,29.36024845,9.069480171,0.960306939,12.4
2012,New Mexico,0.327619821,7.157870671,0.036826785,31.35580222,6.850880797,0.495135513,13.3
2012,New York,0.289553829,12.7248597,0.029513901,,8.625608297,1.260925411,13.8
2012,North Carolina,0.294188275,8.781099755,0.032855251,14.59496568,9.010143323,0.564275602,11.7
2012,North Dakota,0.174130724,2.867236563,0.03041801,15.0283353,6.314992098,0.805822184,10.5
2012,Ohio,0.330948808,13.80562315,0.035963919,21.57990368,10.92530267,2.358252174,14.0
2012,Oklahoma,0.169097212,7.026318172,0.036145373,22.91757246,10.27886521,1.554098238,14.0
2012,Oregon,0.301399965,9.159995682,0.028179007,13.64655172,7.849968214,0.633979453,16.9
2012,Pennsylvania,0.22810357,9.149750228,0.029692244,17.28120823,10.72585123,2.152230274,13.5
2012,Rhode Island,0.229885307,6.965730797,0.032712779,12.57254902,7.18373013,1.183964174,15.9
2012,South Carolina,0.165409402,5.223286105,0.030388848,17.59870711,9.120025031,0.38761619,13.1
2012,South Dakota,0.168315012,4.79359016,0.035527568,20.2628802,7.133603472,0.370280889,10.9
2012,Tennessee,0.332518619,8.961232508,0.035469665,19.02774869,11.66599453,1.8405685,11.0
2012,Texas,0.218874638,7.20200423,0.03050808,24.32724359,10.7576472,0.594170949,10.9
2012,Utah,0.392007824,8.177167826,0.040569512,21.59879699,7.25267111,0.995267907,12.9
2012,Vermont,0.290980719,6.989561291,0.032081997,6.919831224,6.785278276,0.971185135,15.0
2012,Virginia,0.290443255,8.108859938,0.033979932,13.52683897,8.627237354,0.68695801,13.4
2012,Washington,0.353518598,6.951067026,0.027004883,18.44366197,7.063166856,0.592949622,15.0
2012,West Virginia,0.39380832,,0.032728466,15.27084769,10.34393404,3.936168736,12.7
2012,Wisconsin,0.141462684,5.841868224,0.036165857,14.37479979,8.695188598,1.863157437,11.1
2012,Wyoming,0.208388863,2.955943681,0.040175079,20.37669456,5.198189585,0.949889218,12.3
2013,Alabama,0.322695644,12.06563497,0.027317178,16.87207425,9.633420729,0.834717748,13.6
2013,Alaska,0.554919362,,0.024112963,15.31612471,5.352286596,7.073192103,14.8
2013,Arizona,0.360944593,15.44735986,0.037182188,34.01784795,8.078840381,2.603159931,14.6
2013,Arkansas,0.384976637,9.039706553,0.031176805,18.1512605,9.874479804,1.432865556,13.1
2013,California,0.343985553,10.49702772,0.031727802,27.39538932,10.35891212,0.577713002,14.4
2013,Colorado,0.324703052,8.444688185,0.039796485,20.86710207,6.947125311,1.583740464,13.5
2013,Connecticut,0.296519131,9.384362554,0.035531668,12.04962779,7.988758389,0.736464943,16.6
2013,Delaware,0.295630302,6.126559388,0.030327331,,8.778214327,0.683370439,15.4
2013,District of Columbia,0.414290303,12.00478341,0.027321209,16.53907816,10.12296912,1.001091044,17.5
2013,Florida,0.181086466,4.812041986,0.028095227,16.2420793,6.377586582,0.333670693,13.5
2013,Georgia,0.322592695,5.398513434,0.028691208,16.80842105,10.0165735,1.495409115,14.0
2013,Hawaii,0.428323946,2.596666898,0.023117261,14.97850467,6.890917404,8.109567546,16.6
2013,Idaho,0.295455257,11.12648475,0.033305623,20.26076321,11.80452124,2.39838752,12.9
2013,Illinois,0.229082346,14.48785979,0.029283727,27.79858657,,1.235859927,12.0
2013,Indiana,0.407948917,8.793660345,0.033187343,19.79990628,10.97559178,2.275493275,15.3
2013,Iowa,0.209720941,6.402702486,0.032243165,25.85175737,9.673871784,1.204789535,12.2
2013,Kansas,0.365130837,6.881953466,0.031778668,18.16714697,8.414027539,1.030381543,13.4
2013,Kentucky,0.269305579,5.953882326,0.031392168,17.10316041,10.40512064,0.897024985,14.2
2013,Louisiana,0.203553163,6.617666495,0.026673814,20.22722915,8.520075549,2.052545332,12.3
2013,Maine,0.190477949,4.966140493,0.030575613,14.04331683,7.775863317,0.738410803,16.2
2013,Maryland,0.196258122,11.18955945,0.032684722,13.07210031,9.110047955,0.797224056,13.9
2013,Massachusetts,0.262529038,10.05432137,0.031384645,15.18265683,7.49026174,1.529445345,16.8
2013,Michigan,0.24714564,9.861018791,0.033891995,21.4370438,8.561712706,1.512019273,16.6
2013,Minnesota,0.091861909,7.842582859,0.030629298,19.28749463,6.991986099,0.588248173,11.9
2013,Mississippi,0.229334698,4.132616407,0.03014341,19.46808511,,0.575347866,12.5
2013,Missouri,0.277690177,12.83832634,0.034487471,21.10346125,9.938970813,2.868540939,15.7
2013,Montana,0.092513015,1.259909248,0.031004252,17.14720571,7.160451162,1.28681584,13.2
2013,Nebraska,0.297878255,,0.032065871,25.4735432,9.353838514,1.3406703,11.2
2013,Nevada,0.400197462,11.89419254,0.036452417,23.1862926,10.02938946,1.013827849,11.4
2013,New Hampshire,0.199731518,1.564657,0.031292193,10.97741935,7.293272194,1.106667208,16.7
2013,New Jersey,0.391821276,13.95269575,0.029418925,20.52857143,9.008254242,0.612221635,13.6
2013,New Mexico,0.231916012,6.723164549,0.036712248,30.42367536,6.633288202,0.354096862,14.5
2013,New York,0.271510523,14.70505113,0.029540275,,7.897189884,1.213943159,14.9
2013,North Carolina,0.300771448,7.295872358,0.030046644,14.35460479,8.99457737,0.43314508,13.1
2013,North Dakota,0.148977416,2.667126625,0.031950642,13.50909091,5.862088923,0.751887761,12.3
2013,Ohio,0.339324665,11.44984792,0.031766256,19.51182508,10.41978425,1.774709111,14.2
2013,Oklahoma,0.170760358,6.866606223,0.033234799,18.7761807,9.45775873,1.115904341,14.6
2013,Oregon,0.289265277,9.700455373,0.025659208,14.59291598,10.18809219,1.068462781,18.2
2013,Pennsylvania,0.167754339,7.964776272,0.029593792,16.88896045,10.60462825,1.850524864,14.2
2013,Rhode Island,0.223141616,7.035019163,0.033365777,13.57291667,7.111840021,0.596084333,17.4
2013,South Carolina,0.152926079,5.409638208,0.027416892,15.28672087,8.637227273,0.326794904,13.4
2013,South Dakota,0.163428374,4.074681191,0.034698894,18.53433678,7.760101358,0.338284129,11.8
2013,Tennessee,0.292886185,8.987876158,0.031683519,17.86292655,9.789577112,1.095816999,11.3
2013,Texas,0.194186167,6.78735486,0.029377752,24.45273632,10.27453646,0.504191993,12.6
2013,Utah,0.424863617,9.620149079,0.041028581,21.6334471,11.30112817,1.131411857,14.1
2013,Vermont,0.309056181,6.932164777,0.032610321,8.854111406,6.392351275,0.621583868,16.4
2013,Virginia,0.28937342,7.626290013,0.030846891,12.06168446,8.072654321,0.828578391,13.6
2013,Washington,0.339882338,8.030133184,0.02527776,19.6141844,7.885229657,0.516237417,15.8
2013,West Virginia,0.320642134,,0.029647079,13.56054087,9.53528729,3.323613651,13.6
2013,Wisconsin,0.179980352,5.436921708,0.034429926,13.3681936,8.069920734,1.635240762,14.9
2013,Wyoming,0.136309275,2.905541787,0.039249683,15.18744031,3.980965801,1.346621553,14.1
2014,Alabama,0.365420153,11.82473891,0.02786963,18.97540624,10.24170069,1.376053775,14.6
2014,Alaska,0.595563632,11.81133749,0.022347192,20.31464738,6.410902681,7.10547629,12.4
2014,Arizona,0.397211492,15.1971954,0.035741835,35.13327079,7.922532098,2.709213786,14.3
2014,Arkansas,0.34797077,8.315876453,0.029056263,17.54042553,9.502781137,1.333947399,13.3
2014,California,0.323637765,9.960611811,0.032905484,26.66550463,9.476808195,0.51838675,12.7
2014,Colorado,0.351576349,9.127294019,0.037972186,20.91632066,7.097192158,1.441744303,12.2
2014,Connecticut,0.267383348,9.502037281,0.034760951,11.82238443,8.374185712,0.706541505,14.1
2014,Delaware,0.237570353,7.278870219,0.029967051,,9.074625871,0.717856364,14.4
2014,District of Columbia,0.430950001,11.65306661,0.027605331,16.60055096,9.723863006,1.18247939,17.2
2014,Florida,0.231470722,6.538780792,0.028305154,15.61561905,7.245217711,0.641859949,12.2
2014,Georgia,0.33412946,7.995486624,0.029900509,17.09751037,10.39899719,1.445321119,13.8
2014,Hawaii,0.369053092,2.903146962,0.022027588,15.8505618,6.308076933,7.938536632,16.2
2014,Idaho,0.282463638,10.97581549,0.033541165,16.97464789,9.109390913,1.974875441,12.3
2014,Illinois,0.237571245,14.00666459,0.029265205,33.53208556,10.6681074,1.324209845,14.0
2014,Indiana,0.383939386,9.559265236,0.031993179,20.36587983,11.71355525,2.316030631,14.6
2014,Iowa,0.207773417,5.981348726,0.030818956,25.91060522,9.46883457,1.55297205,13.2
2014,Kansas,0.265495797,6.262620005,0.031571792,20.45681818,8.889492754,1.406324953,13.6
2014,Kentucky,0.268305771,6.848791107,0.03212793,17.37106918,10.70686563,1.180355289,16.9
2014,Louisiana,0.265449838,6.993399803,0.026080395,19.55002417,8.611344245,1.861851682,12.5
2014,Maine,0.187944479,4.51580057,0.029840561,13.38757396,6.936470925,0.488267756,16.4
2014,Maryland,0.208609598,10.66890164,0.032594172,13.5310559,9.167336125,0.988794198,13.5
2014,Massachusetts,0.257745723,10.18530971,0.030315536,13.10404624,6.923560463,1.205271313,17.6
2014,Michigan,0.285318312,9.779917369,0.032660881,22.50046125,9.230729401,1.826410393,15.3
2014,Minnesota,0.152158553,9.303189764,0.028723188,19.52147239,7.119954182,0.593539527,11.8
2014,Mississippi,0.2245022,4.446423416,0.029943842,17.58823529,,0.640735344,12.5
2014,Missouri,0.269721779,11.94162724,0.033162657,22.07623318,9.989789423,2.115547793,14.5
2014,Montana,0.131445012,1.463533303,0.030725988,17.03557225,6.79710911,1.288743003,13.4
2014,Nebraska,0.367805503,,0.031556891,23.81412392,8.235614611,1.148236858,12.2
2014,Nevada,0.355180603,11.81303922,0.037375402,21.21333681,7.523994194,0.85361022,12.3
2014,New Hampshire,0.170724999,2.455050431,0.030882378,9.839541547,7.333992322,0.965439131,14.1
2014,New Jersey,0.357939837,14.6017652,0.028902924,17.35,8.8739093,0.597665262,12.4
2014,New Mexico,0.209078818,6.24875249,0.034827215,29.18206657,6.168805993,0.211154746,14.4
2014,New York,0.267362242,12.74247777,0.029423674,,7.227213071,1.060308272,15.0
2014,North Carolina,0.288847369,8.142383207,0.032532964,13.07922272,9.087508067,0.366319733,11.5
2014,North Dakota,0.161692233,2.973742882,0.030294226,13.33901252,4.596545525,0.7209514,12.2
2014,Ohio,0.270706732,13.52593137,0.031914515,18.88755927,10.74273985,1.78985812,15.0
2014,Oklahoma,0.161611216,6.137397364,0.032447553,21.76752475,8.788422973,0.750801204,14.3
2014,Oregon,0.28733651,9.962058228,0.02626709,12.16448598,7.699091544,0.826138242,16.6
2014,Pennsylvania,0.23001047,8.565970267,0.029341118,16.71424695,10.67362093,1.873974491,14.3
2014,Rhode Island,0.377892998,9.949992066,0.032253672,12.36594203,5.663477292,0.592938156,15.2
2014,South Carolina,0.157111683,5.835132465,0.029261703,15.78992962,9.007565618,0.444417683,13.1
2014,South Dakota,0.187570234,3.875078486,0.03284844,18.0655914,5.739605016,0.377226486,11.2
2014,Tennessee,0.281815513,9.277416701,0.032098703,18.13362702,9.188742972,1.953820455,14.4
2014,Texas,0.205339965,6.761910717,0.028146112,24.82297447,9.988993242,0.412404643,11.1
2014,Utah,0.481780631,8.209862269,0.038512686,18.6473251,7.413085532,0.510796862,13.4
2014,Vermont,0.178588917,7.086333191,0.032675663,9.955958549,6.264637802,0.492667315,16.5
2014,Virginia,0.273694199,7.889916159,0.032200118,11.75984752,8.180412979,0.828594333,12.7
2014,Washington,0.341107403,12.49147325,0.027462989,19.40066778,7.048055135,0.430412546,14.8
2014,West Virginia,0.320469426,,0.030068131,13.35204082,9.816312057,2.814657175,14.5
2014,Wisconsin,0.200960449,9.726578709,0.033358416,12.63770686,8.632612179,1.835755477,12.7
2014,Wyoming,0.122578552,3.094974108,0.037848837,14.95080946,3.960835358,1.630960311,12.0
2015,Alabama,0.380502621,11.05435792,0.026576062,18.22177238,9.702709661,1.019807959,15.6
2015,Alaska,0.481522846,12.68160637,0.023897632,16.88858696,6.650752822,6.672899374,13.4
2015,Arizona,0.389268476,13.6805002,0.035226971,26.76830329,7.103567462,2.670254776,15.7
2015,Arkansas,0.306777874,7.837820586,0.029098931,18.63636364,9.0265,1.525263825,16.1
2015,California,0.332364016,9.851593914,0.032630451,24.40834132,9.348461812,0.461308937,12.9
2015,Colorado,0.38498382,10.06933632,0.037977408,18.10181628,6.987689391,1.523520817,13.9
2015,Connecticut,0.28363434,10.41652359,0.035598258,13.59513889,8.314363978,0.411937215,16.4
2015,Delaware,0.309838461,12.2041899,0.030847753,,8.912747529,0.437944403,14.4
2015,District of Columbia,0.408171992,13.67847264,0.028166762,16.54794521,9.985713713,1.270721482,17.1
2015,Florida,0.258838921,5.914833046,0.027490319,15.92785687,7.034115141,0.653993524,12.5
2015,Georgia,0.455684902,10.11051587,0.028619225,16.54315789,9.374664762,1.215940723,14.3
2015,Hawaii,0.435198217,2.952080871,0.023606277,16.18280632,6.576265868,8.211560851,16.8
2015,Idaho,0.320768612,11.39834954,0.033220926,19.81097008,9.409536268,1.549241453,13.7
2015,Illinois,0.252550379,13.51523924,0.029501407,27.64047619,9.470333834,1.269835629,13.6
2015,Indiana,0.413840095,8.680632568,0.031206087,19.70852957,10.19220808,1.87033646,14.8
2015,Iowa,0.213900409,5.644759841,0.030868582,24.59854651,8.615060369,0.980828772,12.2
2015,Kansas,0.285033537,5.599686256,0.03066789,19.29628028,7.717364747,1.210264012,13.5
2015,Kentucky,0.247307904,7.20871092,0.030810219,17.38607116,9.702445433,0.623073111,17.7
2015,Louisiana,0.472752425,6.48093702,0.026189343,19.48587896,9.287496893,1.448658207,14.6
2015,Maine,0.212492412,4.867323641,0.029721812,13.78966346,6.915905675,0.613814344,15.7
2015,Maryland,0.235244571,11.08557144,0.033418646,14.27419355,9.191368268,0.87628771,13.9
2015,Massachusetts,0.248648896,10.0833004,0.029872737,12.41139241,6.553237235,0.703573683,15.5
2015,Michigan,0.320363791,10.46180538,0.03296071,23.94757282,9.298913717,1.445908193,15.7
2015,Minnesota,0.184448831,8.237305251,0.02957722,21.71167127,6.666180866,0.68205078,11.1
2015,Mississippi,0.327937922,5.22442119,0.028772404,18.91919192,8.750714286,0.516226761,12.2
2015,Missouri,0.283653755,11.02492144,0.032112463,21.49135802,9.212872712,1.546629434,14.5
2015,Montana,0.168483728,0.979404393,0.030821725,21.38383382,8.804004957,0.721777593,12.7
2015,Nebraska,0.34450575,,0.031686098,22.58378747,8.066745256,0.830750249,12.1
2015,Nevada,0.327754183,14.17220775,0.036553125,17.99032553,7.039632314,0.783798533,13.6
2015,New Hampshire,0.177921118,3.403831937,0.030418361,11.33554084,6.957682675,0.81951774,15.2
2015,New Jersey,0.360781463,14.35584708,0.029796986,20.71785714,9.277927822,0.312841516,11.6
2015,New Mexico,0.211521659,6.179883135,0.034625134,22.11405134,6.856774973,0.261823128,15.1
2015,New York,0.242944272,13.08480194,0.029443619,,7.468089072,0.99546111,14.7
2015,North Carolina,0.272257416,7.233760927,0.032474009,13.2611465,8.733967766,0.362534587,13.4
2015,North Dakota,0.16722159,2.748835415,0.030446615,14.3643827,5.702163887,0.718048247,12.8
2015,Ohio,0.253146778,12.46824215,0.032110617,20.05160706,10.45773641,1.345454063,14.1
2015,Oklahoma,0.225866466,8.072638712,0.031319936,18.40318494,7.907620366,0.807759421,14.3
2015,Oregon,0.355535916,11.57260963,0.027376705,13.33388158,8.061436865,0.466264526,17.9
2015,Pennsylvania,0.26168416,8.854361189,0.029572719,17.03326891,10.38855523,1.536830907,15.0
2015,Rhode Island,0.419062078,11.27981748,0.032885181,15.35172414,7.390510306,0.344461582,16.0
2015,South Carolina,0.155059996,6.394097528,0.028871518,15.50798344,7.893651688,0.27922538,13.0
2015,South Dakota,0.197780182,3.930291298,0.031915548,18.64962189,6.577962714,0.714036246,12.5
2015,Tennessee,0.289519465,9.379259039,0.031249427,22.41190865,8.554125483,1.585810358,14.5
2015,Texas,0.245436471,6.814755649,0.027959786,23.2097171,9.386924216,0.354725722,12.0
2015,Utah,0.407731453,7.6597567,0.037429011,18.9691165,7.032340511,0.332083529,14.0
2015,Vermont,0.164824945,7.213904718,0.032510411,10.74074074,6.410651728,0.328195105,16.2
2015,Virginia,0.284552976,7.834043868,0.031695363,12.64655172,8.327391091,0.522382114,12.3
2015,Washington,0.356437461,13.17289125,0.029303919,20.6558497,7.385390895,0.506760822,14.8
2015,West Virginia,0.25583284,,0.029867619,13.19619706,9.556501951,2.123529773,15.1
2015,Wisconsin,0.246073004,8.319401743,0.033507831,12.20560191,7.770575916,1.465792211,13.0
2015,Wyoming,0.079635865,2.902511869,0.037539683,15.12125834,4.153884245,1.378133077,13.5
2016,Alabama,0.338759256,11.79483504,0.029741683,18.01289462,8.732131477,1.081639057,14.9
2016,Alaska,0.492113975,13.42687065,0.0242728,17.98033217,5.882616084,5.763886798,14.2
2016,Arizona,0.361875787,14.84792255,0.035532745,31.70077546,7.550430576,2.591677652,14.6
2016,Arkansas,0.29559319,7.633054793,0.030129694,18.01421801,8.841961308,0.990759242,14.3
2016,California,0.326836314,9.564280628,0.032565145,26.50420039,8.716727655,0.542670734,12.8
2016,Colorado,0.35853275,12.15733249,0.03892648,19.00910205,6.599620682,1.388772276,13.7
2016,Connecticut,0.26480691,12.61400479,0.035056603,11.94992948,7.115459878,0.342743561,15.6
2016,Delaware,0.25873792,11.62805707,0.030867294,,7.741311001,0.336371373,12.8
2016,District of Columbia,0.479249147,13.41809926,0.027184809,16.56456456,9.243177206,0.920205199,15.2
2016,Florida,0.332053883,6.534738816,0.029697654,16.25269438,7.129948868,0.531194225,11.0
2016,Georgia,0.554942624,15.64705496,0.032385894,16.43897638,9.239444822,1.27561846,13.4
2016,Hawaii,0.374009054,3.539565839,0.024706863,15.59905213,7.051000808,10.18946121,17.3
2016,Idaho,0.295968733,9.863433346,0.033115855,16.61111111,7.089059005,1.545016461,12.6
2016,Illinois,0.223739717,13.93883669,0.029889609,21.25837321,8.399535299,1.23020375,14.2
2016,Indiana,0.307246647,8.241464895,0.032031951,18.60040161,8.758948541,1.438923028,14.4
2016,Iowa,0.210812861,5.427263251,0.030263546,22.74714612,7.604273348,0.590938119,12.1
2016,Kansas,0.225583312,5.000632087,0.030219954,19.02768045,5.902590185,0.850573798,13.1
2016,Kentucky,0.260282172,6.552561715,0.031430902,15.32252085,8.570520882,0.572510405,15.2
2016,Louisiana,0.370974104,6.830439986,0.027137087,18.5014245,9.105282101,1.86050716,14.2
2016,Maine,0.190982674,3.591536769,0.029341778,11.75429975,5.981377051,0.478177648,16.7
2016,Maryland,0.200422631,11.54830646,0.033345936,12.42718447,7.571902271,0.628233729,14.0
2016,Massachusetts,0.244499557,8.754542367,0.031007035,11.9573991,5.947891152,0.74753463,15.3
2016,Michigan,0.324894942,10.15115091,0.032908757,21.47579864,8.225499008,1.149594253,16.3
2016,Minnesota,0.203695442,7.911896615,0.027041937,20.15861619,5.731446676,0.982289953,11.2
2016,Mississippi,0.225235265,5.389913907,0.030731074,17.10185185,8.150146628,0.302316038,12.7
2016,Missouri,0.295560666,10.10426864,0.031292348,19.73491124,7.846196879,1.042235079,14.4
2016,Montana,0.194022801,1.130731942,0.029841439,15.93962704,6.256839235,0.687859854,12.8
2016,Nebraska,0.306272616,,0.031079145,21.91158537,7.365784166,0.662222267,12.4
2016,Nevada,0.322807248,16.3317591,0.036507109,18.94076875,6.879713412,0.475455888,11.6
2016,New Hampshire,0.161387666,3.022061863,0.030598509,9.530434783,5.206948162,0.748572091,16.4
2016,New Jersey,0.314772723,13.61024083,0.029425954,20.35915493,8.624228548,0.270573771,12.0
2016,New Mexico,0.219293032,5.859474761,0.036240079,27.27543036,7.389660137,0.389011701,16.3
2016,New York,0.226451229,12.10227629,0.030222559,,6.111418285,0.424143903,13.8
2016,North Carolina,0.244815574,6.900013469,0.033131261,11.99515829,8.363288751,0.172157231,12.5
2016,North Dakota,0.170567106,2.419627487,0.028480207,10.57526546,3.106792488,0.564377687,12.8
2016,Ohio,0.261714919,11.18561117,0.033437346,17.22165293,8.863130728,0.829064457,14.0
2016,Oklahoma,0.24386437,7.438332203,0.032117462,17.78018318,7.744906945,0.700013169,14.1
2016,Oregon,0.289902274,10.667611,0.024675887,10.88416076,6.299126638,0.188430197,17.2
2016,Pennsylvania,0.241122915,7.541994889,0.030169694,15.55182765,9.188982061,0.938110249,14.8
2016,Rhode Island,0.393594951,10.03397496,0.032586497,11.73234201,6.557529393,0.244075316,15.8
2016,South Carolina,0.178301706,5.062008965,0.030709931,15.41249227,8.438611991,0.214583538,13.4
2016,South Dakota,0.189932214,3.609609852,0.032265095,16.70375291,4.718884987,0.344947799,9.3
2016,Tennessee,0.27142467,8.921412199,0.034294127,19.35770751,8.512348126,1.235716728,16.1
2016,Texas,0.284676041,6.570439566,0.028437154,21.05093168,8.708848119,0.457587959,12.5
2016,Utah,0.416521288,6.386968034,0.03714332,18.28013665,6.847177289,0.730488434,13.8
2016,Vermont,0.162920543,6.136261051,0.029740481,9.177570093,4.86562339,0.087439127,15.6
2016,Virginia,0.2552775,7.60046258,0.031415619,12.32746479,7.374567213,0.376335906,13.3
2016,Washington,0.318336079,13.23742055,0.027596231,16.70513723,6.279905002,0.398731907,14.9
2016,West Virginia,0.278958482,,0.029742077,14.79411765,8.292535829,1.902701637,16.2
2016,Wisconsin,0.236320501,10.42516767,0.03270025,11.21778584,6.871007752,0.706368321,11.8
2016,Wyoming,0.143903751,2.466426373,0.037691395,13.78580144,3.704875271,1.302808495,13.9
2017,Alabama,0.304860829,10.20470502,0.027123901,16.54164791,9.236579637,1.329259974,16.4
2017,Alaska,0.471534343,12.45757198,0.025172856,13.2495614,5.979261309,5.816926012,13.8
2017,Arizona,0.311578401,16.00843297,0.036948859,34.37666174,8.24755064,2.417583407,15.8
2017,Arkansas,0.404196142,7.33405952,0.03053612,17.3125,8.55655356,0.601314907,15.9
2017,California,0.340679908,9.770209104,0.03341698,27.93471566,9.982441029,0.45958141,14.1
2017,Colorado,0.325461656,9.893898195,0.039235879,19.57361839,7.072045983,0.877547557,14.5
2017,Connecticut,0.268103306,12.20143403,0.033429926,11.33490566,5.997337157,0.234468158,16.9
2017,Delaware,0.265237758,10.69923954,0.030885229,,7.593385557,0.242467107,15.8
2017,District of Columbia,0.325205603,11.71636683,0.02664452,15.90294118,9.500136602,0.939863425,14.7
2017,Florida,0.302287714,7.253621159,0.028791547,16.91624314,7.887218246,0.608167801,12.2
2017,Georgia,0.465438077,13.81533592,0.029007364,16.78156997,9.07040998,0.866257534,12.6
2017,Hawaii,0.291036501,3.332868703,0.024460249,13.12511939,6.023619737,8.863696856,17.1
2017,Idaho,0.33335667,16.99896586,0.035910688,19.28817505,9.781953723,1.796488681,13.5
2017,Illinois,0.217504466,13.77599997,0.031214771,21.99614644,8.769776391,1.226017393,13.5
2017,Indiana,0.40841506,9.640552868,0.031883425,19.3803056,8.435784437,0.99935667,14.7
2017,Iowa,0.210456133,4.803447068,0.031179995,24.80597015,7.459035883,0.526716311,13.0
2017,Kansas,0.188914267,5.010040668,0.030144019,20.18981019,7.198708051,0.93259183,13.7
2017,Kentucky,0.235416879,6.345328305,0.031313056,15.54211036,8.608856505,0.681170787,15.5
2017,Louisiana,0.374957281,6.31018182,0.026653317,17.94811859,8.780403418,1.157793467,15.4
2017,Maine,0.18745502,4.239961202,0.030554589,10.61454545,5.925482989,0.801225772,16.2
2017,Maryland,0.180884746,10.35580819,0.033114615,11.77076412,7.63588199,0.943756638,15.1
2017,Massachusetts,0.235219907,8.000603699,0.03155025,10.8381201,6.253252557,0.629974077,16.8
2017,Michigan,0.389676553,9.873003839,0.031847041,21.42149533,8.266811172,1.188474518,16.1
2017,Minnesota,0.252854855,7.818248571,0.029150875,22.39993555,6.127263889,0.910248931,10.7
2017,Mississippi,0.261455925,5.421798056,0.028800571,15.63265306,8.573854093,0.444728053,12.8
2017,Missouri,0.266680896,9.609400674,0.034706481,21.31882868,8.065260395,1.029074017,14.1
2017,Montana,0.1890929,1.106276691,0.03332039,18.66960557,9.71013202,0.915830573,14.0
2017,Nebraska,0.2826089,,0.030877121,22.60588235,8.632529374,0.774134549,12.0
2017,Nevada,0.348432078,17.56392027,0.037199119,19.6090807,6.726473385,0.516951278,13.9
2017,New Hampshire,0.153943846,2.628374841,0.030992388,10.29189189,4.907883973,0.829347989,18.3
2017,New Jersey,0.293970882,12.52916748,0.028604258,15.68055556,8.612527989,0.161457721,12.2
2017,New Mexico,0.209475833,5.817498132,0.037437849,28.5417088,6.749978407,0.256618971,15.3
2017,New York,0.232025784,11.6006162,0.030140507,13.31179775,6.30040975,0.568815909,13.8
2017,North Carolina,0.272043642,6.753872328,0.032448492,12.8990206,7.850564666,0.774891159,13.6
2017,North Dakota,0.178257596,2.740293523,0.031108495,13.49782167,5.639180471,0.791185766,12.9
2017,Ohio,0.226551088,10.60812225,0.032753283,15.96534104,8.699587934,0.593199942,13.7
2017,Oklahoma,0.26115476,7.74971237,0.032883561,17.66378191,8.38166579,0.646983699,14.9
2017,Oregon,0.251831358,10.53902098,0.027763693,16.65475153,10.81803897,0.344335512,16.8
2017,Pennsylvania,0.228055699,6.429517582,0.029618439,15.24803571,9.412210963,0.823445581,15.7
2017,Rhode Island,0.379093498,9.604635883,0.032795367,11.14042553,6.068317816,0.231618435,17.3
2017,South Carolina,0.189101307,5.054608464,0.029532237,15.05396825,7.729259376,0.224420857,14.2
2017,South Dakota,0.186768485,3.195060709,0.03290382,16.66016894,5.571777659,0.435180407,11.7
2017,Tennessee,0.254605575,8.265893742,0.032244411,16.08407517,7.6374344,1.240504813,16.5
2017,Texas,0.311668204,6.319411337,0.02949716,21.33618421,8.916762748,0.931026019,11.8
2017,Utah,0.364406813,6.691182564,0.039208287,20.38527132,7.381145915,0.303878378,14.2
2017,Vermont,0.214738959,6.26835126,0.030017194,7.926530612,5.354148227,0.224139371,17.6
2017,Virginia,0.268022992,7.525386665,0.031963453,11.25121951,7.316520218,1.627214435,14.1
2017,Washington,0.254524872,12.74695375,0.029901278,21.12548512,8.510671617,0.925859551,16.5
2017,West Virginia,0.245480071,,0.028687265,13.18995098,8.208518909,1.842991887,18.9
2017,Wisconsin,0.19782653,9.939776473,0.033559785,11.78503629,6.456318003,0.508946189,13.2
2017,Wyoming,0.164054327,2.883440677,0.039581532,15.26962752,4.78481389,1.060423496,13.6
2018,Alabama,0.258407367,,0.027739703,17.43339863,8.687765583,1.059036105,16.5
2018,Alaska,0.413980036,,0.023477529,12.34733567,5.968330836,5.53522621,14.6
2018,Arizona,0.315071643,,0.037056088,34.26281946,7.898227522,1.948270756,15.3
2018,Arkansas,0.286106155,,0.029763261,17.27509294,8.768236033,0.602105452,14.5
2018,California,0.331358072,,0.03289144,27.71888886,11.06349101,0.444055015,15.2
2018,Colorado,0.315064826,,0.040352991,20.99935177,7.692703603,0.803273351,14.3
2018,Connecticut,0.267721361,,0.033262846,13.26909414,6.929505875,0.197164671,15.3
2018,Delaware,0.236122426,,0.029739763,,7.271385861,0.235014011,14.4
2018,District of Columbia,0.318058401,,0.024886542,16.03151862,8.743240911,0.782299739,17.7
2018,Florida,0.286123788,,0.028652368,16.66784396,7.049831657,0.6700324,13.6
2018,Georgia,0.444450578,,0.02876268,14.79331683,8.230865949,0.743669427,13.5
2018,Hawaii,0.344532302,,0.024626247,12.41737488,5.640314795,7.625891039,16.3
2018,Idaho,0.443841678,,0.033892974,19.5943662,7.758429275,2.099095401,13.8
2018,Illinois,0.22641944,,0.030075942,22.46514575,9.325054454,1.191206798,13.1
2018,Indiana,0.329999987,,0.028698846,19.45788581,8.928781351,0.527944745,14.6
2018,Iowa,0.2131304,,0.030958001,27.4741421,8.004369295,0.436940892,12.1
2018,Kansas,0.196452937,,0.030393576,19.68996063,7.994672025,0.971058891,14.7
2018,Kentucky,0.231543148,,0.030657084,16.58932039,8.44597479,0.593325236,16.3
2018,Louisiana,0.358851132,,0.025693393,19.60529279,9.037272178,0.988618654,15.0
2018,Maine,0.169160072,,0.031545828,11.45745993,5.40984064,0.353909985,16.9
2018,Maryland,0.196322784,,0.032213281,10.9833887,7.414725728,1.180510809,14.8
2018,Massachusetts,0.263683993,,0.03010697,9.365217391,6.659849249,0.503215969,15.2
2018,Michigan,0.373281521,,0.031883946,21.09937888,8.956114961,1.226557095,16.0
2018,Minnesota,0.337550817,,0.030299816,23.06999071,6.751383904,0.835835013,11.6
2018,Mississippi,0.132057886,,0.030044819,20.01719198,8.346564125,0.735971797,15.2
2018,Missouri,0.267597437,,0.034186809,20.15854528,8.4498945,1.642753865,15.0
2018,Montana,0.172494869,,0.033497976,17.34028998,7.175027878,0.543704431,14.4
2018,Nebraska,0.28728333,,0.030712647,18.73150963,8.153554301,0.503008182,13.2
2018,Nevada,0.352765864,,0.038126505,20.93950128,6.826412927,0.450083607,12.5
2018,New Hampshire,0.164493556,,0.03040104,9.414201183,4.884360444,0.881969319,17.5
2018,New Jersey,0.313984735,,0.028546986,14.87956204,8.38717262,0.312338185,12.7
2018,New Mexico,0.215140969,,0.03868673,26.46001088,6.221606971,0.269678685,15.6
2018,New York,0.250531,,0.029880346,13.41040462,6.561050686,0.436084154,15.4
2018,North Carolina,0.268057563,,0.032422582,13.75391956,7.735708824,0.793315617,14.5
2018,North Dakota,0.17164262,,0.031578032,11.92648964,5.818727649,0.782787221,13.0
2018,Ohio,0.224780115,,0.032593241,15.80535966,9.031818728,0.546390357,13.4
2018,Oklahoma,0.249348561,,0.031971474,19.64162094,8.822729402,0.532172218,15.9
2018,Oregon,0.309593981,,0.025961864,15.58980583,9.739254237,0.475221218,17.6
2018,Pennsylvania,0.256986994,,0.028460804,14.58585248,8.730450723,0.688874678,15.0
2018,Rhode Island,0.363658842,,0.033877739,12.76023392,6.784498837,0.263706448,16.5
2018,South Carolina,0.129057504,,0.031486817,14.07469181,7.049012401,0.152877684,13.8
2018,South Dakota,0.178718467,,0.033453015,17.24577922,5.510638861,0.422048777,11.4
2018,Tennessee,0.266047256,,0.031808278,16.3757416,7.331051575,1.150000384,15.0
2018,Texas,0.283626142,,0.028110427,22.94147583,9.28214584,0.965448229,13.8
2018,Utah,0.294227706,,0.039463622,20.18155757,7.511318661,0.242842,14.5
2018,Vermont,0.216200817,,0.029679432,7.57254902,5.713297496,0.375388893,17.4
2018,Virginia,0.268430958,,0.030475135,10.35340314,7.133152717,0.526579168,13.3
2018,Washington,0.245766203,,0.02915475,19.5,8.054796221,1.036727108,15.9
2018,West Virginia,0.229085472,,0.02793236,13.33379694,8.051446653,1.875995742,16.3
2018,Wisconsin,0.23620903,,0.034440585,13.3008167,7.407093372,0.427549395,12.0
2018,Wyoming,0.108626615,,0.038960915,14.94006019,4.273316403,0.819788293,12.4
2019,Alabama,0.292133883,11.05840608,0.02855347,19.74918109,8.626515856,1.118943122,15.3
2019,Alaska,0.439460923,9.90495575,0.026464445,15.14958348,8.246096127,5.630076347,14.8
2019,Arizona,0.305016461,13.13378632,0.036760409,25.78770132,6.543865491,1.561820035,15.3
2019,Arkansas,0.37018484,7.714543791,0.029481419,16.62361624,8.715380405,0.886453152,14.8
2019,California,0.312030965,9.513405944,0.032538845,23.3404078,7.572160232,0.475551865,14.5
2019,Colorado,0.304886556,10.01195048,0.03924562,19.38266742,6.849299409,1.393834113,15.2
2019,Connecticut,0.259611692,9.948373888,0.034602641,12.93115519,6.750715042,0.170014309,16.7
2019,Delaware,0.249393315,10.25483838,0.031408503,,7.236275971,0.274883168,15.5
2019,District of Columbia,0.316783845,11.66698081,0.029493316,17.01933702,8.318969992,0.628756977,18.0
2019,Florida,0.259818459,7.400138214,0.02895306,16.71477105,6.888981117,0.772490641,12.7
2019,Georgia,0.449469234,13.44531429,0.031020681,14.98989899,9.081486665,0.885387815,12.8
2019,Hawaii,0.192280404,4.155491205,0.023790435,11.81962617,2.777496954,1.054444086,16.3
2019,Idaho,0.38868788,9.076507629,0.031385982,16.42333984,6.73952307,2.219683226,14.5
2019,Illinois,0.309681693,12.21140602,0.032715401,26.22125182,8.930306376,0.872891164,13.6
2019,Indiana,0.337112088,9.573896152,0.029317914,18.12299465,8.889925624,0.716851214,14.5
2019,Iowa,0.202556268,4.149228369,0.030589968,24.95911496,8.096626723,0.420605461,12.2
2019,Kansas,0.200927152,4.359492282,0.029874129,16.71704545,7.767633072,0.799445503,14.9
2019,Kentucky,0.231225092,6.887757789,0.032227965,16.34055118,8.189031071,0.507937842,14.2
2019,Louisiana,0.228914307,6.122366563,0.026157285,16.28168168,8.317514388,0.787031361,14.9
2019,Maine,0.15669481,3.8897886,0.030907375,12.89808917,5.136354614,0.087321122,16.3
2019,Maryland,0.207331964,10.32888377,0.033969853,11.42760943,6.829749274,0.792346517,14.6
2019,Massachusetts,0.245794401,8.189510886,0.030744914,9.758928571,6.576549622,0.287379136,15.5
2019,Michigan,0.378831399,10.62584382,0.031457472,19.28475336,8.615155512,1.142217207,16.4
2019,Minnesota,0.311975603,7.743507954,0.029362588,20.37396007,6.107521402,0.693340313,12.9
2019,Mississippi,0.137272195,3.956265603,0.02988992,18.90909091,8.329324033,0.69506755,14.4
2019,Missouri,0.264919544,8.904950832,0.033593518,19.91121375,8.336121273,3.846120685,15.1
2019,Montana,0.163720461,0.83912744,0.032287986,14.56084419,5.645997377,0.498550615,14.8
2019,Nebraska,0.279545153,,0.030546246,17.24225029,6.912481893,0.465805337,12.4
2019,Nevada,0.320791006,16.37338384,0.03660685,18.59566998,5.324971106,0.286995244,14.6
2019,New Hampshire,0.152229597,2.646214545,0.029985206,11.375,4.566885954,0.80353666,15.9
2019,New Mexico,0.167673796,5.73306302,0.0375258,25.17483871,5.785873063,0.233376238,12.8
2019,New York,0.24377882,11.68483167,0.030894832,12.35755814,6.485331352,0.428499209,14.7
2019,North Carolina,0.286615775,7.235675305,0.033457042,13.43378995,7.811927172,0.301200561,13.1
2019,North Dakota,0.162121586,2.68246183,0.030392298,8.641522029,4.616813935,0.962580531,12.4
2019,Ohio,0.211921982,10.07151512,0.033417655,15.78911881,9.03196081,0.635920296,15.8
2019,Oklahoma,0.242733971,7.217576782,0.031710523,17.48401254,8.127130439,0.293144452,15.8
2019,Oregon,0.209190051,9.105953193,0.024351283,15.74686596,8.940049557,0.211103265,16.8
2019,Pennsylvania,0.251427957,6.290984738,0.029470796,15.37755776,8.37856113,0.712738337,15.8
2019,Rhode Island,0.370751159,10.76761782,0.035063896,11.9875,5.474324059,0.221526087,16.2
2019,South Carolina,0.092967597,4.780032069,0.029136393,14.35542169,7.460478202,0.146921894,15.3
2019,South Dakota,0.185714196,3.018833667,0.034725461,15.19083718,4.566026643,0.78182456,11.9
2019,Tennessee,0.244047049,8.07258725,0.032867784,16.13814867,7.372320279,1.33293106,15.1
2019,Texas,0.276474018,6.637393882,0.029119098,21.92787795,8.636818953,0.838160743,13.3
2019,Utah,0.196622832,7.335080708,0.038203077,16.14745308,6.129360362,0.527203379,15.6
2019,Vermont,0.210907929,6.2465029,0.030057206,7.181034483,5.562847828,0.280942926,17.8
2019,Virginia,0.279269955,7.781143323,0.032722985,9.356079404,7.432910542,0.726931191,14.1
2019,Washington,0.251995648,14.59774374,0.027295007,17.59833333,7.050209764,0.90506658,16.4
2019,West Virginia,0.2045173,,0.029849771,14.55718954,8.069678009,1.831774752,16.7
2019,Wisconsin,0.213358137,9.828695745,0.03183482,14.42128874,7.004462119,0.256741387,14.3
2019,Wyoming,0.112721818,2.062599937,0.039299382,12.21816318,2.822723122,0.60309787,13.5
2020,Alabama,0.258450941,9.507969781,0.026127693,18.38563327,8.180284103,0.716998195,14.7
2020,Alaska,0.394933919,,0.02788693,10.53990995,6.381967616,4.366085193,13.9
2020,Arizona,0.352958758,12.87533794,0.03705995,31.89189189,8.658339812,0.922734622,14.5
2020,Arkansas,0.286905646,6.992295809,0.027907336,14.94859813,7.878229028,0.534123378,12.5
2020,California,0.345968718,9.628047927,0.032089329,31.56168056,12.92757868,0.471464056,15.1
2020,Colorado,0.288424961,8.715903474,0.039649798,21.80595745,7.999511646,0.644582021,14.1
2020,Connecticut,0.235191983,9.740229197,0.033645183,13.70046756,6.987393611,0.165634301,15.2
2020,Delaware,0.241937387,9.489815217,0.029244283,,6.920964387,0.272780547,14.5
2020,District of Columbia,0.30546396,9.468883162,0.027898844,14.88823529,6.872874135,0.865348273,16.0
2020,Florida,0.283841164,6.591022155,0.027570369,18.30811863,7.469173629,0.766359302,11.7
2020,Georgia,0.449840964,12.33520229,0.025869634,14.02716049,8.266128153,0.798273317,13.2
2020,Hawaii,0.183736295,3.2479929,0.021739097,11.22222222,2.899086137,1.351822991,14.5
2020,Idaho,0.357349785,9.62063735,0.033725263,21.52825965,8.136250094,2.629222556,13.0
2020,Illinois,0.214592916,11.56694277,0.031150432,32.19060403,8.592531747,0.910934591,12.3
2020,Indiana,0.29697444,7.811102505,0.027991297,18.92177243,8.644550021,0.903010886,14.0
2020,Iowa,0.18657664,3.647986186,0.029725344,26.97074341,8.155764783,0.539688747,11.9
2020,Kansas,0.189031997,4.128830045,0.02919985,21.60488656,8.338264288,0.532131294,14.2
2020,Kentucky,0.223252932,6.237872502,0.029049671,16.13704071,7.70899069,0.430337586,16.1
2020,Louisiana,0.278521997,5.089787918,0.0253918,16.94579008,7.648500937,0.823691233,14.1
2020,Maine,0.156490005,5.125731989,0.030020532,12.55694761,4.962540864,0.11492769,14.8
2020,Maryland,0.203777455,9.134830559,0.030368494,9.861952862,5.850859945,0.395721114,13.1
2020,Massachusetts,0.223546056,7.820302633,0.029324746,11.57986111,6.795962196,0.248647573,15.6
2020,Michigan,0.335367366,8.949855054,0.03168238,18.13354603,8.141869307,0.984403716,15.4
2020,Minnesota,0.27345313,6.565726844,0.029448023,21.31681753,5.752777012,0.852314003,12.0
2020,Mississippi,0.144139641,3.409287487,0.027900656,19.21978022,8.639451966,0.600618485,14.2
2020,Missouri,0.259256026,8.267083607,0.030506492,22.02191558,8.147048184,3.087915539,13.4
2020,Montana,0.166125062,0.711558629,0.031932669,18.15723699,6.476474431,0.682074341,15.1
2020,Nebraska,0.329128605,,0.029094025,20.16159251,7.020229898,0.576851992,10.7
2020,Nevada,0.353187782,16.04116472,0.036324219,25.34012516,7.78846506,0.411617263,13.3
2020,New Hampshire,0.149163019,2.465150893,0.030198952,12.92134831,5.037516366,0.821804753,15.4
2020,New Jersey,0.317025513,11.40022329,0.02773897,14.63255814,7.786492836,0.503188643,12.6
2020,New Mexico,0.177799929,5.415775433,0.036773708,31.31433824,6.785179309,0.633187078,14.2
2020,New York,0.223417854,11.06418346,0.029944782,10.94650206,6.447207849,0.463472291,13.6
2020,North Carolina,0.260072384,5.641387093,0.029034395,11.60768137,6.928523801,0.330840709,12.3
2020,North Dakota,0.165949736,2.356631989,0.029837402,9.568568569,4.86800364,0.983328837,11.9
2020,Ohio,0.231957785,8.865529923,0.031638019,15.623173,8.414024222,0.642451548,14.4
2020,Oklahoma,0.352043683,7.101721097,0.030340438,18.65347138,8.329582862,0.217797764,15.4
2020,Oregon,0.308684936,7.826157984,0.024943612,25.50198751,15.2655058,0.242108014,15.6
2020,Pennsylvania,0.249275347,6.299654892,0.028638639,14.31013079,7.497779251,0.48435754,15.3
2020,Rhode Island,0.348928093,9.534815369,0.033100948,10.61574074,6.039277552,0.147335446,15.8
2020,South Carolina,-0.018113085,4.107148459,0.026381044,13.5511583,7.148436621,0.14857321,14.0
2020,South Dakota,0.18980449,2.905587809,0.033301641,19.64783016,5.276258198,0.438245219,11.0
2020,Tennessee,0.210055934,7.454464489,0.028952932,15.76636455,7.238791454,0.87017808,15.7
2020,Texas,0.26932532,6.084740755,0.028451172,26.54909091,8.712746317,0.812628684,12.3
2020,Utah,0.12173275,7.308038902,0.037066686,23.36891469,7.527666574,0.268472675,16.3
2020,Vermont,0.189373285,5.346510209,0.029644808,7.664974619,5.607754493,0.302257554,15.1
2020,Virginia,0.261454419,6.515234377,0.028132929,8.663382594,6.578299776,0.880699838,13.5
2020,Washington,0.233033412,12.29737306,0.02740801,26.34537493,9.759740477,0.793256521,15.0
2020,West Virginia,0.221933581,,0.027915688,13.46935201,7.061185204,1.771462509,16.9
2020,Wisconsin,0.17981082,7.605910505,0.032231579,14.72648903,6.796378723,0.39945399,13.8
2020,Wyoming,0.118230833,1.99542208,0.038653456,16.46905767,3.817293159,0.405280613,15.0
2021,Alabama,0.264380334,9.433955006,0.025722643,18.80652904,8.355836421,0.548526944,16.4
2021,Alaska,0.324536336,,0.024720522,11.44500228,6.265422882,3.726596479,14.0
2021,Arizona,0.308425509,13.45763652,0.038796091,31.19558649,8.398632303,0.551074197,15.0
2021,Arkansas,0.281329886,7.052838355,0.030078116,15.55188679,9.433814897,0.435823286,13.6
2021,California,0.324854819,9.336631923,0.032746445,27.98618654,10.08344163,0.495405292,14.7
2021,Colorado,0.295063569,8.173491309,0.041559934,22.14426599,8.423209416,0.63180758,15.4
2021,Connecticut,0.247815865,9.777480251,0.033109445,14.37232779,7.304138967,0.149522334,15.5
2021,Delaware,0.256939759,9.382102173,0.030337546,,7.74905927,0.236801339,13.9
2021,District of Columbia,0.342938002,10.90321777,0.028438724,15.79213483,8.706662287,0.657133226,18.1
2021,Georgia,0.474440662,13.15469533,0.027394772,16.51061008,9.506164942,0.860323458,14.6
2021,Hawaii,0.20417401,2.662555131,0.023148003,10.91820041,3.03587816,1.876232285,13.8
2021,Idaho,0.343163267,9.849443898,0.037425168,24.51800948,9.578092939,2.060257287,14.2
2021,Illinois,0.255556693,12.29808345,0.03230687,32.24426606,9.255953796,1.042315074,13.3
2021,Indiana,0.282751594,7.993465654,0.029215429,20.09394373,9.761911264,0.939198939,15.4
2021,Iowa,0.197599608,3.726389045,0.031973903,26.97367184,8.471496207,0.614701557,13.1
2021,Kansas,0.178641881,4.634151217,0.031309952,24.51704545,9.653641051,0.756261395,15.2
2021,Kentucky,0.243334327,7.228728597,0.030142315,17.48490946,9.033745591,0.650589169,16.1
2021,Louisiana,0.265512456,5.266181363,0.025723035,16.669627,7.834696288,0.95348578,15.3
2021,Maine,0.16875738,4.284021182,0.030175643,13.62298025,4.990760511,0.062923124,17.2
2021,Maryland,0.205855915,9.962375608,0.032359972,10.66778523,7.224193404,0.339489701,14.5
2021,Massachusetts,0.254211902,7.30791186,0.029434392,14.03524229,6.976148099,0.231485256,16.6
2021,Michigan,0.371145225,9.569663354,0.032590132,20.23372781,9.408255696,1.017937504,16.3
2021,Minnesota,0.301022877,6.968950482,0.031267653,22.60458453,7.335402794,0.718878608,12.8
2021,Mississippi,0.162242499,3.464035712,0.028780098,19.54972376,8.516672563,0.447527895,15.0
2021,Missouri,0.274549415,8.555984719,0.032650805,24.09681999,8.64240477,3.687991707,13.8
2021,Montana,0.20023674,0.900702904,0.03392971,20.52114943,8.571254502,0.518594718,14.7
2021,Nebraska,0.267201291,,0.032152186,22.7092883,7.702852074,0.779093194,11.9
2021,Nevada,0.313748063,14.77461737,0.03818597,26.15811355,7.586585356,0.343640631,13.2
2021,New Hampshire,0.166560506,3.151184686,0.029818415,13.16388889,5.62015014,0.958364499,17.4
2021,New Jersey,0.39231925,11.76271402,0.028883758,16.85069444,8.247228124,0.409121544,13.3
2021,New Mexico,0.165870234,5.577774509,0.037684006,33.26776331,7.711293371,0.362139332,14.0
2021,New York,0.231313893,10.94705649,0.03030052,13.18556701,7.184749438,0.464282749,14.2
2021,North Carolina,0.286204188,5.443645865,0.031008283,13.8397711,7.799023627,0.249133453,13.7
2021,North Dakota,0.180506854,2.601311703,0.031764374,16.85523013,8.147959602,0.951618081,12.5
2021,Ohio,0.256657983,9.268442349,0.032193358,18.74176045,9.704141406,0.798682424,15.3
2021,Oklahoma,0.390214611,7.464610479,0.032972635,20.51702786,10.01880908,0.250367085,15.8
2021,Oregon,0.188627814,7.940727495,0.02720907,15.18738574,10.01818629,0.496259628,16.4
2021,Pennsylvania,0.28465908,6.923148365,0.030262786,16.57219512,8.854418044,0.60664269,15.1
2021,Rhode Island,0.354497007,8.815350312,0.032420587,11.8111588,6.548884649,0.151998298,17.4
2021,South Carolina,0.155332402,5.425990696,0.027977291,15.1544477,8.272143326,0.14199599,13.6
2021,South Dakota,0.195989421,3.173146851,0.033543161,21.57194363,6.727324882,0.304232246,12.4
2021,Tennessee,0.239212876,7.197641488,0.030684332,18.05190058,8.569662148,0.980435724,15.6
2021,Texas,0.270794394,6.176982376,0.028877127,28.24761205,8.745179793,0.93122959,12.8
2021,Utah,0.171868132,6.986467373,0.038411515,22.99777975,8.280882618,0.77002865,14.9
2021,Vermont,0.193340124,5.385371248,0.028620777,8.365384615,6.019661876,0.234375145,17.2
2021,Virginia,0.265870146,6.807557389,0.029797474,14.23125,7.804345051,0.644022725,15.0
2021,Washington,0.213648045,12.52782484,0.030499057,20.94957136,7.389915314,0.226775757,15.7
2021,West Virginia,0.221310844,,0.027950265,15.54929577,9.713145275,1.794208369,16.6
2021,Wisconsin,0.193361819,8.319841128,0.034382415,17.03146998,7.987178792,0.419800156,15.0
2021,Wyoming,0.107611012,2.297404372,0.040008947,18.04391468,5.427966875,0.360304238,14.7
