State,Year,Avg CO2,Avg NO2,Avg Ozone,Avg PM10,Avg PM2.5,Avg SO2,Smoking Prevalence %,predicted_asthma_prevalence,prediction_lower_95,prediction_upper_95
Alabama,2022,0.2532649421272737,9.266751953386233,0.025872766054545582,17.65174564690915,7.750734944800001,0.7086820000909313,17.332727272727425,15.305399999999912,14.471856903120914,16.138943096878908
Alabama,2023,0.24265825148182074,8.954298609486045,0.025517355472727377,17.496517758363666,7.4844338624182,0.6446100705909146,16.74272727272728,15.385999999999916,14.552456903120918,16.219543096878912
Alabama,2024,0.23205156083636425,8.641845265585744,0.02516194489090917,17.34128986981824,7.218132780036399,0.5805381410909263,16.15272727272736,15.410799999999929,14.577256903120931,16.244343096878925
Alabama,2025,0.2214448701909113,8.329391921685556,0.024806534309090966,17.186061981272815,6.9518316976545975,0.5164662115909096,15.562727272727216,15.410599999999937,14.577056903120939,16.244143096878933
Alabama,2026,0.2108381795454548,8.016938577785368,0.024451123727272872,17.030834092727332,6.685530615272796,0.45239428209092125,14.972727272727298,15.366799999999936,14.533256903120938,16.20034309687893
Alaska,2022,0.31171337074545136,9.631319711891592,0.026410513599999907,11.698090144727303,6.941361299127294,3.767267536418103,16.729090909091042,14.147400000000014,13.313856903121016,14.980943096879011
Alaska,2023,0.2805130673545406,9.21319061945917,0.026736565790908995,11.160189456727494,7.061512285572775,3.370310522699924,16.235454545454672,14.182000000000007,13.34845690312101,15.015543096879005
Alaska,2024,0.2493127639636299,8.795061527026746,0.027062617981818082,10.622288768727458,7.181663272018227,2.9733535089816314,15.741818181818303,14.214600000000008,13.38105690312101,15.048143096879006
Alaska,2025,0.21811246057271916,8.376932434594323,0.02738867017272717,10.084388080727422,7.301814258463679,2.5763964952634524,15.248181818181934,14.21420000000001,13.380656903121013,15.047743096879008
Alaska,2026,0.18691215718180842,7.9588033421619,0.027714722363636257,9.546487392727386,7.42196524490916,2.1794394815452733,14.754545454545564,14.229200000000011,13.395656903121013,15.062743096879009
Arizona,2022,0.3006028278363644,12.72184844045455,0.037283077709090895,28.11568127290934,7.585881683109079,0.8656550074546203,12.349090909091046,15.119400000000041,14.285856903121044,15.95294309687904
Arizona,2023,0.29188883130909105,12.391616001818193,0.03735788619090907,27.285736563545697,7.510224933581782,0.6522286555000392,11.852727272727407,15.121200000000036,14.287656903121038,15.954743096879033
Arizona,2024,0.28317483478182126,12.061383563181835,0.03743269467272725,26.455791854182053,7.434568184054513,0.43880230354551486,11.356363636363767,15.129600000000037,14.29605690312104,15.963143096879035
Arizona,2025,0.2744608382545479,11.731151124545477,0.03750750315454543,25.625847144818408,7.3589114345272435,0.2253759515909337,10.860000000000127,15.125000000000034,14.291456903121036,15.958543096879032
Arizona,2026,0.2657468417272746,11.400918685909119,0.037582311636363636,24.795902435454764,7.283254684999974,0.011949599636409403,10.363636363636488,15.13820000000003,14.304656903121032,15.971743096879027
Arkansas,2022,0.26394550303636777,6.350032945867383,0.02843295570909088,14.8474053625456,7.889385121745477,0.29289373750907544,19.561818181818126,13.570800000000014,12.737256903121017,14.404343096879012
Arkansas,2023,0.24915157566364243,6.053768830136278,0.028134348418181743,14.375178135545525,7.649614518218186,0.16850188733636173,18.914545454545305,13.706000000000014,12.872456903121016,14.539543096879012
Arkansas,2024,0.23435764829091354,5.757504714405286,0.027835741127272717,13.902950908545563,7.409843914690896,0.04411003716361961,18.267272727272484,13.74040000000001,12.906856903121012,14.573943096879008
Arkansas,2025,0.21956372091818466,5.4612405986741805,0.02753713383636358,13.430723681545487,7.170073311163662,0.0,17.61999999999989,13.822200000000002,12.988656903121004,14.655743096879
Arkansas,2026,0.20476979354545932,5.164976482943189,0.027238526545454445,12.958496454545525,6.930302707636372,0.0,16.97272727272707,13.874999999999998,13.041456903121,14.708543096878996
California,2022,0.32127218756363707,9.097061535306807,0.032858690818181796,28.32255989054528,10.332562542854518,0.3904563012727351,8.567272727272666,14.33829999999997,13.504756903120972,15.171843096878968
California,2023,0.31888897621818213,8.958388228727301,0.03291159545454543,28.57168139427256,10.395301324936327,0.366287753863638,8.107272727272743,14.391299999999974,13.557756903120977,15.224843096878972
California,2024,0.3165057648727272,8.819714922147739,0.032964500090909066,28.82080289799984,10.45804010701815,0.34211920645454796,7.647272727272707,14.435899999999974,13.602356903120976,15.269443096878971
California,2025,0.31412255352727314,8.681041615568176,0.0330174047272727,29.069924401727064,10.520778889099972,0.31795065904545794,7.187272727272671,14.454899999999977,13.62135690312098,15.288443096878975
California,2026,0.3117393421818182,8.542368308988614,0.033070309363636335,29.319045905454345,10.58351767118178,0.2937821116363679,6.727272727272634,14.49849999999998,13.664956903120983,15.332043096878978
Colorado,2022,0.29836256821818274,9.763544663285955,0.039777869800000004,20.144775836909076,7.758717964454547,0.6835594427454339,11.489090909090919,14.179600000000017,13.346056903121019,15.013143096879014
Colorado,2023,0.2934081317090911,9.847484653977261,0.039787532190909095,20.031324975636323,7.829369610499981,0.6010554630817921,10.86454545454535,14.165400000000012,13.331856903121015,14.99894309687901
Colorado,2024,0.2884536951999994,9.931424644668539,0.03979719458181818,19.9178741143636,7.900021256545443,0.5185514834181788,10.239999999999782,14.179600000000008,13.34605690312101,15.013143096879006
Colorado,2025,0.28349925869090953,10.015364635359816,0.03980685697272727,19.804423253090874,7.9706729025909056,0.43604750375453705,9.61545454545444,14.222200000000003,13.388656903121005,15.055743096879
Colorado,2026,0.27854482218181786,10.099304626051122,0.03981651936363636,19.69097239181812,8.041324548636368,0.3535435240908953,8.990909090908872,14.2582,13.424656903121003,15.091743096878998
Connecticut,2022,0.2258926920363642,10.780320770361726,0.033427979909090855,13.648001775636374,6.292523444890833,0.0,10.207272727272766,15.546399999999958,14.71285690312096,16.379943096878954
Connecticut,2023,0.21723635543636632,10.879810961613629,0.03327383727272726,13.799127616727276,6.0819951674181425,0.0,9.623636363636479,15.558199999999959,14.72465690312096,16.391743096878955
Connecticut,2024,0.2085800188363649,10.979301152865531,0.033119694636363606,13.950253457818178,5.8714668899453955,0.0,9.039999999999964,15.541399999999966,14.707856903120968,16.37494309687896
Connecticut,2025,0.19992368223636348,11.078791344117406,0.032965551999999954,14.10137929890908,5.660938612472648,0.0,8.456363636363676,15.535799999999965,14.702256903120967,16.36934309687896
Connecticut,2026,0.1912673456363656,11.178281535369308,0.0328114093636363,14.25250514000004,5.450410334999958,0.0,7.8727272727273885,15.499199999999968,14.66565690312097,16.332743096878964
Delaware,2022,0.2391740841999983,10.22300921649429,0.030124156272727298,17.374423479999997,6.412637232490852,0.0,13.343636363636506,14.36319999999998,13.529656903120982,15.196743096878977
Delaware,2023,0.2348733323999994,10.303658033477234,0.030063633136363663,17.374423479999997,6.09250619843624,0.0,12.628181818181929,14.363799999999982,13.530256903120984,15.19734309687898
Delaware,2024,0.23057258059999874,10.384306850460177,0.030003110000000027,17.374423479999997,5.772375164381742,0.0,11.912727272727352,14.284799999999992,13.451256903120994,15.11834309687899
Delaware,2025,0.22627182879999808,10.46495566744315,0.029942586863636406,17.374423479999997,5.452244130327244,0.0,11.197272727272775,14.306599999999994,13.473056903120996,15.140143096878992
Delaware,2026,0.22197107699999918,10.545604484426093,0.02988206372727277,17.374423479999997,5.132113096272633,0.0,10.481818181818198,14.312799999999992,13.479256903120994,15.14634309687899
District of Columbia,2022,0.223390217418185,9.746336766715899,0.027254791327272737,15.368564996000032,7.574139214181855,0.30319699134543043,9.010909090909081,16.38439999999996,15.550856903120962,17.217943096878958
District of Columbia,2023,0.18978009065455126,9.297933969863607,0.027154609972727284,15.19010205290914,7.286821256363623,0.16410026400905053,7.967272727272757,16.340999999999962,15.507456903120964,17.17454309687896
District of Columbia,2024,0.15616996389091753,8.849531173011428,0.02705442861818183,15.011639109818248,6.9995032985455055,0.025003536672670634,6.923636363636433,16.335199999999965,15.501656903120967,17.168743096878963
District of Columbia,2025,0.12255983712726959,8.401128376159136,0.026954247263636377,14.833176166727299,6.712185340727274,0.0,5.880000000000109,16.317399999999964,15.483856903120966,17.15094309687896
District of Columbia,2026,0.08894971036363586,7.952725579306843,0.026854065909090924,14.654713223636406,6.424867382909042,0.0,4.836363636363785,16.306799999999964,15.473256903120966,17.14034309687896
Florida,2022,0.31933993630908475,7.712317403423526,0.028002724187878608,17.027161515515097,7.144888811581787,0.717973642860585,13.205454545454359,12.856399999999974,12.022856903120976,13.689943096878972
Florida,2023,0.32858215301817495,7.931616392764738,0.02790058730909073,17.063032166363563,7.129775145363599,0.7299619284545216,12.730909090908995,12.889999999999976,12.056456903120978,13.723543096878974
Florida,2024,0.3378243697272687,8.15091538210595,0.027798450430302823,17.098902817212043,7.114661479145415,0.7419502140484582,12.256363636363517,12.872799999999977,12.039256903120979,13.706343096878975
Florida,2025,0.3470665864363589,8.370214371447162,0.027696313551514917,17.134773468060523,7.099547812927227,0.7539384996423948,11.78181818181804,12.86239999999998,12.028856903120982,13.695943096878977
Florida,2026,0.3563088031454491,8.589513360788317,0.02759417667272704,17.17064411890899,7.084434146709043,0.7659267852363314,11.307272727272561,12.852399999999976,12.018856903120978,13.685943096878974
Georgia,2022,0.5205722166727327,15.725105645342865,0.02679382229090921,14.356465518363507,8.027482925709137,0.6049479358727297,14.374545454545569,13.6583,12.824756903121003,14.491843096878998
Georgia,2023,0.5376979432090963,16.569215157204553,0.02628397985454556,14.005915609908925,7.763158181009089,0.5140406626090908,13.830909090909245,13.731499999999993,12.897956903120996,14.565043096878991
Georgia,2024,0.5548236697454598,17.41332466906624,0.02577413741818191,13.655365701454457,7.498833436309042,0.42313338934545186,13.287272727272693,13.780899999999992,12.947356903120994,14.61444309687899
Georgia,2025,0.5719493962818234,18.25743418092793,0.02526429498181826,13.304815792999875,7.234508691609108,0.33222611608181296,12.74363636363637,13.886399999999993,13.052856903120995,14.71994309687899
Georgia,2026,0.589075122818187,19.101543692789846,0.02475445254545461,12.954265884545293,6.97018394690906,0.24131884281817406,12.200000000000045,13.929599999999999,13.096056903121001,14.763143096878997
Hawaii,2022,0.1892985483999965,3.483805635221586,0.023673566690909115,10.681786292909237,2.741122646072654,1.9932842295270348,10.489090909090919,15.24200000000011,14.408456903121111,16.075543096879105
Hawaii,2023,0.1667931387999957,3.5455921513863586,0.02373281847272729,10.143569852636347,2.260779423872691,1.214247352463417,10.023636363636342,15.297000000000102,14.463456903121104,16.130543096879098
Hawaii,2024,0.14428772919999489,3.6073786675511315,0.02379207025454548,9.605353412363684,1.7804362016726145,0.4352104753997992,9.558181818181765,15.364600000000099,14.531056903121101,16.198143096879097
Hawaii,2025,0.12178231959999408,3.6691651837159043,0.02385132203636367,9.06713697209102,1.3000929794726517,0.0,9.092727272727188,15.356400000000097,14.522856903121099,16.189943096879094
Hawaii,2026,0.09927690999999328,3.7309516998806913,0.023910573818181846,8.52892053181813,0.8197497572725752,0.0,8.627272727272725,15.377600000000095,14.544056903121097,16.21114309687909
Idaho,2022,0.397347008490911,10.589933251352292,0.033667269545454515,21.125944504181803,7.073773268454602,1.87748951432728,13.034545454545537,13.493000000000007,12.65945690312101,14.326543096879005
Idaho,2023,0.40871544675454885,10.528148414909111,0.03352428572727273,21.41886538972733,6.690201464909137,1.8244438212454668,12.687272727272784,13.518000000000002,12.684456903121005,14.351543096879
Idaho,2024,0.4200838850181867,10.46636357846593,0.03338130190909089,21.711786275272743,6.306629661363559,1.7713981281636393,12.340000000000032,13.5466,12.713056903121002,14.380143096878998
Idaho,2025,0.43145232328182104,10.40457874202275,0.0332383180909091,22.004707160818157,5.923057857818094,1.718352435081826,11.99272727272728,13.518199999999995,12.684656903120997,14.351743096878993
Idaho,2026,0.4428207615454589,10.342793905579569,0.03309533427272726,22.297628046363684,5.539486054272629,1.6653067419999985,11.645454545454527,13.525200000000002,12.691656903121004,14.358743096879
Illinois,2022,0.1980674340727262,11.539905495246217,0.03203531516363628,28.24534148363631,8.41945477248322,0.8475698530545372,11.543636363636324,13.085200000000068,12.25165690312107,13.918743096879066
Illinois,2023,0.18602842850908985,11.210875459318231,0.032281557099999914,28.42669288727268,8.2460146679162,0.784995415018173,10.814545454545396,13.089800000000066,12.256256903121068,13.923343096879064
Illinois,2024,0.1739894229454535,10.881845423390132,0.03252779903636355,28.60804429090905,8.072574563349178,0.7224209769818088,10.085454545454468,13.130400000000064,12.296856903121066,13.963943096879062
Illinois,2025,0.16195041738181715,10.552815387462147,0.03277404097272718,28.78939569454542,7.8991344587821,0.6598465389454446,9.35636363636354,13.188200000000062,12.354656903121064,14.02174309687906
Illinois,2026,0.1499114118181808,10.223785351534048,0.033020282909090815,28.970747098181732,7.725694354215079,0.5972721009090805,8.627272727272612,13.269600000000061,12.436056903121063,14.103143096879059
Indiana,2022,0.2424912736363538,8.09913469628981,0.027437439290908916,18.373745451818195,7.8836784302727665,0.2573763822908859,17.51454545454544,14.395099999999996,13.561556903120998,15.228643096878994
Indiana,2023,0.21821177940908143,7.9552091906591045,0.026777352990908998,18.133125452272736,7.522850860954577,0.041994642581812514,16.87454545454534,14.3881,13.554556903121002,15.221643096878998
Indiana,2024,0.19393228518180905,7.8112836850284,0.026117266690908858,17.892505452727278,7.1620232916363875,0.0,16.23454545454547,14.361500000000007,13.527956903121009,15.195043096879004
Indiana,2025,0.16965279095453667,7.667358179397752,0.02545718039090894,17.65188545318182,6.801195722318198,0.0,15.594545454545369,14.358400000000008,13.52485690312101,15.191943096879006
Indiana,2026,0.14537329672725718,7.523432673767047,0.0247970940909088,17.41126545363636,6.4403681530000085,0.0,14.954545454545496,14.400200000000007,13.56665690312101,15.233743096879005
Iowa,2022,0.19546542956363577,3.0939017715169257,0.029913932272727317,26.744685130363564,7.279651466363646,0.2155749554727322,14.583636363636515,12.384499999999983,11.550956903120985,13.218043096878981
Iowa,2023,0.1933943585363629,2.728977937568061,0.029650555863636407,26.977025402090874,7.036713168727317,0.1064028226727487,14.108181818181947,12.416299999999989,11.582756903120991,13.249843096878987
Iowa,2024,0.19132328750909,2.364054103619196,0.029387179454545387,27.209365673818127,6.793774871090932,0.0,13.63272727272738,12.447499999999991,11.613956903120993,13.281043096878989
Iowa,2025,0.18925221648181711,1.9991302696703315,0.029123803045454477,27.441705945545436,6.550836573454546,0.0,13.157272727272925,12.473299999999991,11.639756903120993,13.306843096878989
Iowa,2026,0.18718114545454423,1.6342064357214667,0.028860426636363568,27.67404621727269,6.307898275818218,0.0,12.681818181818358,12.500699999999991,11.667156903120993,13.33424309687899
Kansas,2022,0.13924452667272647,3.375001414213898,0.028858982527272703,20.520575832727253,7.971132426945488,0.48634087636366985,14.852727272726952,14.044333333333274,13.210790236454276,14.877876430212272
Kansas,2023,0.12053423452726975,2.9897128080226594,0.02845977196363625,20.53766395409089,7.940371853709124,0.3907657491818384,14.33727272727242,14.043533333333283,13.209990236454285,14.87707643021228
Kansas,2024,0.10182394238182013,2.604424201831307,0.028060561399999906,20.554752075454516,7.909611280472767,0.2951906220000353,13.82181818181789,14.097133333333288,13.26359023645429,14.930676430212285
Kansas,2025,0.08311365023636341,2.2191355956400685,0.027661350836363563,20.57184019681815,7.878850707236403,0.19961549481820384,13.306363636363358,14.117933333333294,13.284390236454296,14.951476430212292
Kansas,2026,0.06440335809090669,1.8338469894487162,0.02726214027272722,20.588928318181786,7.848090134000046,0.10404036763640079,12.790909090908826,14.092599999999962,13.259056903120964,14.92614309687896
Kentucky,2022,0.184415564109095,6.9912732686268555,0.02920818932727287,15.633977510727334,7.474872420909037,0.1722420223818233,19.90181818181827,15.66160000000002,14.828056903121022,16.495143096879016
Kentucky,2023,0.1701518629454597,7.063489639340872,0.028790972109090984,15.396934000090937,7.155543400727197,0.0568379969454611,19.080909090909245,15.624000000000017,14.790456903121019,16.457543096879014
Kentucky,2024,0.1558881617818244,7.135706010054889,0.02837375489090921,15.159890489454597,6.836214380545357,0.0,18.25999999999999,15.571000000000016,14.737456903121018,16.404543096879014
Kentucky,2025,0.14162446061818557,7.207922380768906,0.027956537672727433,14.9228469788182,6.516885360363631,0.0,17.439090909090964,15.560800000000015,14.727256903121017,16.394343096879012
Kentucky,2026,0.12736075945455028,7.280138751482895,0.027539320454545546,14.68580346818186,6.197556340181791,0.0,16.618181818181938,15.477600000000013,14.644056903121015,16.31114309687901
Louisiana,2022,0.33009455534545395,5.224265215090895,0.025004311272727398,15.438900533999913,7.730147566400092,0.03494816147281199,18.661818181817807,14.244000000000021,13.410456903121023,15.077543096879019
Louisiana,2023,0.33568473364545426,5.037739559363615,0.024732258045454647,14.818535315727104,7.550648295345525,0.0,18.046363636363367,14.29020000000002,13.456656903121022,15.123743096879018
Louisiana,2024,0.34127491194545456,4.851213903636335,0.024460204818181897,14.198170097454295,7.371149024290958,0.0,17.4309090909087,14.34280000000002,13.509256903121022,15.176343096879018
Louisiana,2025,0.34686509024545487,4.664688247909055,0.024188151590909146,13.577804879181713,7.191649753236447,0.0,16.81545454545426,14.338200000000015,13.504656903121017,15.171743096879013
Louisiana,2026,0.35245526854545517,4.478162592181775,0.023916098363636396,12.957439660908904,7.01215048218188,0.0,16.19999999999959,14.35300000000002,13.519456903121021,15.186543096879017
Maine,2022,0.1507995363636354,3.973391717240503,0.03067402109090911,11.753407226000036,4.237774070111186,0.092644180927266,15.289090909091101,16.403399999999976,15.569856903120979,17.236943096878974
Maine,2023,0.14464796763636123,3.8631362262954383,0.030752114227272753,11.53708256972726,3.8845600711111956,0.03403361821817441,14.705454545454586,16.395799999999973,15.562256903120975,17.22934309687897
Maine,2024,0.13849639890908882,3.7528807353503737,0.030830207363636397,11.320757913454543,3.531346072111205,0.0,14.121818181818298,16.360999999999972,15.527456903120974,17.19454309687897
Maine,2025,0.13234483018181642,3.6426252444052807,0.03090830050000004,11.104433257181825,3.1781320731112146,0.0,13.53818181818201,16.34359999999997,15.510056903120972,17.177143096878968
Maine,2026,0.12619326145454224,3.532369753460216,0.030986393636363657,10.888108600909106,2.8249180741111104,0.0,12.954545454545496,16.312599999999975,15.479056903120977,17.146143096878973
Maryland,2022,0.1925605705090918,8.74217770696771,0.031742953690909126,10.173879265163691,5.663304122818204,0.45603951509093577,9.603636363636497,13.977300000000062,13.143756903121064,14.81084309687906
Maryland,2023,0.18986150774545507,8.347598571204458,0.0315370228818182,9.838103386599983,5.226027750409116,0.391083654772757,8.852727272727407,14.024900000000047,13.191356903121049,14.858443096879045
Maryland,2024,0.18716244498181922,7.953019435441206,0.03133109207272733,9.502327508036387,4.788751378000029,0.3261277944545782,8.101818181818317,14.16870000000005,13.335156903121051,15.002243096879047
Maryland,2025,0.18446338221818248,7.5584402996779545,0.031125161263636403,9.166551629472792,4.351475005590942,0.2611719341363994,7.3509090909092265,14.194300000000045,13.360756903121047,15.027843096879042
Maryland,2026,0.18176431945454663,7.163861163914703,0.030919230454545477,8.830775750909083,3.9141986331818543,0.1962160738182206,6.600000000000136,14.227500000000038,13.39395690312104,15.061043096879036
Massachusetts,2022,0.22827983656363848,6.937755397024716,0.02926204774545449,10.46168289663649,5.963807212618178,0.0,9.88727272727283,15.798800000000087,14.96525690312109,16.632343096879083
Massachusetts,2023,0.22360497867272855,6.582471661931891,0.029007175490909032,10.139237722863754,5.782941230645463,0.0,9.197272727272775,15.741600000000085,14.908056903121087,16.57514309687908
Massachusetts,2024,0.21893012078181862,6.227187926839065,0.028752303236363574,9.81679254909102,5.602075248672747,0.0,8.507272727272948,15.702600000000078,14.86905690312108,16.536143096879076
Massachusetts,2025,0.21425526289091046,5.871904191746239,0.028497430981818117,9.494347375318284,5.421209266700032,0.0,7.8172727272728935,15.67560000000007,14.842056903121073,16.50914309687907
Massachusetts,2026,0.20958040500000052,5.516620456653527,0.02824255872727266,9.17190220154555,5.24034328472726,0.0,7.127272727272839,15.655200000000063,14.821656903121065,16.48874309687906
Michigan,2022,0.39303276654545627,9.934394974009479,0.031184487272727268,19.207640080909073,8.694532909563655,0.8095197927454478,16.679999999999836,15.96339999999999,15.129856903120992,16.796943096878987
Michigan,2023,0.4038562040909106,9.957625099704558,0.030911441363636327,18.844208873181742,8.684185235763657,0.7123968014908826,16.087272727272648,15.945999999999987,15.11245690312099,16.779543096878985
Michigan,2024,0.4146796416363685,9.98085522539963,0.030638395454545386,18.48077766545441,8.673837561963659,0.6152738102363458,15.494545454545232,15.907399999999992,15.073856903120994,16.74094309687899
Michigan,2025,0.42550307918182284,10.004085351094709,0.030365349545454445,18.117346457727194,8.66348988816366,0.5181508189818089,14.901818181818044,15.865599999999988,15.03205690312099,16.699143096878984
Michigan,2026,0.4363265167272772,10.027315476789788,0.030092303636363504,17.753915249999864,8.653142214363662,0.4210278277272437,14.309090909090855,15.839599999999985,15.006056903120987,16.67314309687898
Minnesota,2022,0.3622660614545552,7.388133522929877,0.029555145018181843,21.708919452363688,5.813752052800112,0.9424446729636458,12.483636363636379,11.764999999999983,10.931456903120985,12.59854309687898
Minnesota,2023,0.3877088761818257,7.361608942886306,0.029529451945454574,21.764896118818257,5.646121972418257,0.9839911243818307,11.912727272727125,11.786799999999982,10.953256903120984,12.62034309687898
Minnesota,2024,0.4131516909091033,7.335084362842743,0.029503758872727305,21.82087278527281,5.478491892036459,1.0255375758000156,11.341818181818098,11.809399999999984,10.975856903120986,12.642943096878982
Minnesota,2025,0.4385945056363738,7.308559782799172,0.029478065800000036,21.876849451727367,5.310861811654604,1.0670840272181863,10.770909090909072,11.805599999999982,10.972056903120984,12.63914309687898
Minnesota,2026,0.4640373203636514,7.282035202755608,0.02945237272727276,21.93282611818192,5.143231731272806,1.1086304786363712,10.199999999999818,11.792399999999981,10.958856903120983,12.625943096878979
Mississippi,2022,0.14368352336364154,3.8707709475151546,0.02768846294545435,19.178038042545495,7.428902910522311,0.4614919521818237,18.743636363636142,13.75413333333331,12.920590236454313,14.587676430212309
Mississippi,2023,0.13282551981818713,3.7812772517272606,0.02727822493636345,19.31832514463639,7.1201049333938045,0.43752340390909694,18.141818181818053,13.797133333333317,12.96359023645432,14.630676430212315
Mississippi,2024,0.12196751627273272,3.691783555939395,0.026867986927272547,19.45861224672734,6.8113069562651845,0.4135548556363702,17.539999999999736,13.812133333333318,12.97859023645432,14.645676430212315
Mississippi,2025,0.11110951272727831,3.602289860151501,0.026457748918181645,19.598899348818236,6.502508979136678,0.3895863073636434,16.938181818181647,13.84993333333331,13.016390236454312,14.683476430212307
Mississippi,2026,0.1002515091818239,3.5127961643636354,0.026047510909090743,19.739186450909187,6.193711002008172,0.36561775909091665,16.33636363636333,13.914733333333311,13.081190236454313,14.748276430212309
Missouri,2022,0.2676611875454542,7.0204576464414,0.030783664599999927,20.44185366309091,7.472432259527295,2.551926246454566,16.938181818181874,14.0676,13.234056903121003,14.901143096878998
Missouri,2023,0.2667477579545452,6.384180882932014,0.03025035456363634,20.161625068454555,7.202795952645488,2.553463300590933,16.26272727272726,14.020399999999992,13.186856903120994,14.85394309687899
Missouri,2024,0.26583432836363596,5.747904119422401,0.02971704452727253,19.8813964738182,6.933159645763681,2.5550003547272997,15.587272727272648,14.065099999999987,13.231556903120989,14.898643096878985
Missouri,2025,0.26492089877272695,5.111627355913015,0.02918373449090894,19.60116787918173,6.663523338881873,2.5565374088636665,14.911818181818035,14.088699999999996,13.255156903120998,14.922243096878994
Missouri,2026,0.2640074691818177,4.475350592403402,0.028650424454545353,19.320939284545375,6.393887032000066,2.5580744630000334,14.236363636363649,14.066499999999998,13.232956903121,14.900043096878996
Montana,2022,0.1896719294181839,0.5732025557746567,0.033440097036363636,16.82768882327275,6.990985049727271,0.2957123418727292,14.732727272727288,14.324000000000003,13.490456903121006,15.157543096879001
Montana,2023,0.19404358492727525,0.4732918764318299,0.033728769936363645,16.528248788363726,6.8816387924999844,0.19451843283638937,14.147272727272593,14.334000000000007,13.500456903121009,15.167543096879005
Montana,2024,0.1984152404363666,0.3733811970890315,0.034017442836363654,16.228808753454587,6.7722925352726975,0.0933245238000211,13.561818181818126,14.355600000000011,13.522056903121014,15.18914309687901
Montana,2025,0.20278689594545796,0.2734705177462331,0.03430611573636366,15.929368718545447,6.662946278045439,0.0,12.976363636363658,14.350800000000016,13.517256903121018,15.184343096879013
Montana,2026,0.2071585514545493,0.1735598384034347,0.03459478863636367,15.629928683636422,6.553600020818152,0.0,12.390909090908963,14.378200000000016,13.544656903121018,15.211743096879013
Nebraska,2022,0.27349823372727045,7.993465654,0.029904765618181783,16.78945600163661,6.7982437252362615,0.28507375329093065,12.714545454545487,12.230599999999928,11.39705690312093,13.064143096878926
Nebraska,2023,0.26664919418181654,7.993465654,0.0296350613727272,15.670538645091256,6.561085350381745,0.17821707353638772,12.060909090909036,12.256799999999927,11.42325690312093,13.090343096878925
Nebraska,2024,0.25980015463636263,7.993465654,0.029365357127272618,14.551621288545448,6.323926975527172,0.07136039378181636,11.407272727272584,12.308599999999926,11.475056903120928,13.142143096878923
Nebraska,2025,0.25295111509090695,7.993465654,0.029095652881818146,13.432703932000095,6.086768600672656,0.0,10.75363636363636,12.335199999999928,11.50165690312093,13.168743096878925
Nebraska,2026,0.24610207554545305,7.993465654,0.028825948636363563,12.313786575454742,5.849610225818083,0.0,10.099999999999909,12.375199999999928,11.54165690312093,13.208743096878926
Nevada,2022,0.3010287839090928,17.456453312159056,0.03703666350909089,23.274504623091048,6.701150149836366,0.20893413498183122,13.674545454545296,13.191200000000004,12.357656903121006,14.024743096879002
Nevada,2023,0.2914441056363657,17.979601673636353,0.037002847518181795,23.63442726072742,6.605818404899992,0.14006441373638268,13.071818181818116,13.249000000000006,12.415456903121008,14.082543096879004
Nevada,2024,0.28185942736363856,18.50275003511365,0.0369690315272727,23.994349898363794,6.510486659963618,0.07119469249093413,12.46909090909071,13.285200000000005,12.451656903121007,14.118743096879003
Nevada,2025,0.2722747490909114,19.025898396590947,0.0369352155363636,24.354272536000053,6.415154915027244,0.0023249712454571636,11.86636363636353,13.302400000000006,12.468856903121008,14.135943096879004
Nevada,2026,0.2626900708181843,19.549046758068243,0.036901399545454516,24.714195173636426,6.319823170090871,0.0,11.263636363636124,13.349800000000004,12.516256903121006,14.183343096879002
New Hampshire,2022,0.11438386132726919,3.1365774723351763,0.02995722212727267,12.471353476381864,4.254553863618298,0.5910882710363978,13.239999999999895,16.38239999999989,15.548856903120893,17.21594309687889
New Hampshire,2023,0.10214798406363457,3.235141433340857,0.02985695257272722,12.767511918536343,3.9605696435091886,0.5221093910727745,12.757272727272607,16.448499999999886,15.614956903120888,17.282043096878883
New Hampshire,2024,0.0899121067999964,3.333705394346538,0.029756683018181768,13.063670360690935,3.666585423400079,0.45313051110912284,12.274545454545319,16.47549999999988,15.641956903120882,17.309043096878877
New Hampshire,2025,0.07767622953636177,3.4322693553522186,0.02965641346363629,13.359828802845414,3.3726012032909694,0.38415163114549955,11.79181818181803,16.423099999999884,15.589556903120886,17.256643096878882
New Hampshire,2026,0.0654403522727236,3.5308333163578993,0.029556143909090837,13.655987245000006,3.0786169831818597,0.31517275118184784,11.309090909090742,16.399299999999887,15.565756903120889,17.232843096878884
New Jersey,2022,0.3120645993636373,10.8743168971464,0.028222280993006943,11.610526450209818,7.778922599055932,0.007355314643376687,9.967132867132705,12.991300000000004,12.157756903121006,13.824843096879002
New Jersey,2023,0.3050776108181825,10.445966083490703,0.028094177547452526,10.284607640719514,7.619395550763215,0.0,9.315884115883819,13.027500000000005,12.193956903121007,13.861043096879003
New Jersey,2024,0.29809062227272953,10.017615269835119,0.027966074101898053,8.958688831228756,7.459868502470499,0.0,8.66463536463516,13.112100000000002,12.278556903121004,13.945643096879
New Jersey,2025,0.29110363372727477,9.589264456179421,0.027837970656343636,7.632770021738452,7.30034145417784,0.0,8.013386613386501,13.205100000000007,12.371556903121009,14.038643096879005
New Jersey,2026,0.28411664518182,9.160913642523724,0.027709867210789163,6.306851212247693,7.1408144058851235,0.0,7.362137862137615,13.246100000000004,12.412556903121006,14.079643096879002
New Mexico,2022,0.12354780900000151,5.012700088403392,0.037768058709090835,28.540068951454444,6.8855295398727066,0.32405491849090673,13.549090909091092,14.580700000000009,13.747156903121011,15.414243096879007
New Mexico,2023,0.10568760695454671,4.814538753613647,0.03794699205454538,28.5070933451817,6.918198620336341,0.31668821157272475,12.907272727272812,14.597900000000012,13.764356903121014,15.43144309687901
New Mexico,2024,0.08782740490909191,4.616377418823845,0.03812592539999993,28.47411773890896,6.950867700799975,0.3093215046545428,12.265454545454759,14.612300000000012,13.778756903121014,15.44584309687901
New Mexico,2025,0.06996720286363711,4.4182160840341,0.03830485874545447,28.441142132636216,6.983536781263609,0.3019547977363608,11.623636363636479,14.64510000000001,13.811556903121012,15.478643096879008
New Mexico,2026,0.052107000818182314,4.220054749244298,0.03848379209090902,28.408166526363487,7.016205861727244,0.29458809081817705,10.981818181818198,14.67430000000001,13.840756903121012,15.507843096879007
New York,2022,0.20739748839999805,11.131378397500043,0.03051991065454543,11.827456703999928,5.831202463454645,0.12129832034548826,10.912727272727125,14.239800000000026,13.406256903121028,15.073343096879023
New York,2023,0.19943460270908986,10.969725335000021,0.030625228763636325,11.555820299999823,5.598021696909143,0.0076235512818527695,10.334545454545378,14.282400000000019,13.44885690312102,15.115943096879016
New York,2024,0.1914717170181781,10.808072272500056,0.03073054687272725,11.284183895999831,5.364840930363698,0.0,9.75636363636363,14.322800000000013,13.489256903121015,15.156343096879011
New York,2025,0.18350883132726992,10.646419210000033,0.030835864981818145,11.01254749199984,5.131660163818253,0.0,9.178181818181656,14.360000000000008,13.52645690312101,15.193543096879006
New York,2026,0.17554594563636172,10.484766147500068,0.03094118309090907,10.740911087999734,4.8984793972728085,0.0,8.599999999999909,14.353900000000012,13.520356903121014,15.18744309687901
North Carolina,2022,0.2523835060545494,5.324725036954533,0.03074826012727283,12.425970299272649,6.987304037927231,0.30587992759999594,14.898181818182138,13.04240000000003,12.208856903121033,13.875943096879029
North Carolina,2023,0.24693545010909368,5.016048566818199,0.030495336436363707,12.26168585445447,6.756357980581754,0.2781612225181789,14.305454545454722,12.991200000000031,12.157656903121033,13.824743096879029
North Carolina,2024,0.24148739416363973,4.707372096681752,0.030242412745454694,12.09740140963629,6.525411923236334,0.2504425174363618,13.712727272727534,13.092800000000029,12.259256903121031,13.926343096879027
North Carolina,2025,0.2360393382181858,4.398695626545418,0.02998948905454557,11.933116964818112,6.2944658658908565,0.22272381235454475,13.120000000000118,13.125800000000035,12.292256903121038,13.959343096879033
North Carolina,2026,0.23059128227273007,4.090019156409085,0.029736565363636447,11.768832519999933,6.063519808545379,0.19500510727272768,12.52727272727293,13.191200000000043,12.357656903121045,14.02474309687904
North Dakota,2022,0.1740678728909093,2.534512634501887,0.030440731436363666,11.672449756709,5.522657074509116,0.9515100565272689,15.53818181818201,12.508099999999974,11.674556903120976,13.341643096878972
North Dakota,2023,0.17510521878181828,2.515325906340898,0.030385435190909124,11.496601446190823,5.50803161070003,0.97820601128182,14.953636363636406,12.517099999999976,11.683556903120978,13.350643096878974
North Dakota,2024,0.1761425646727277,2.4961391781799165,0.030330138945454582,11.320753135672646,5.493406146890944,1.004901966036364,14.369090909091028,12.512899999999975,11.679356903120977,13.346443096878973
North Dakota,2025,0.1771799105636367,2.4769524500189277,0.03027484270000004,11.144904825154413,5.478780683081855,1.031597920790908,13.784545454545423,12.547999999999973,11.714456903120976,13.381543096878971
North Dakota,2026,0.17821725645454567,2.457765721857946,0.0302195464545455,10.969056514636236,5.464155219272769,1.0582938755454592,13.200000000000045,12.556799999999972,11.723256903120975,13.39034309687897
Ohio,2022,0.2005914406363658,9.016853284592912,0.0319918854545454,15.272070491636214,8.2103259133454,0.0,18.192727272727325,14.181199999999977,13.34765690312098,15.014743096878975
Ohio,2023,0.1897155593181843,8.668050018204553,0.03185549977272717,14.797589930999834,7.942074358781838,0.0,17.639999999999873,14.19019999999998,13.356656903120982,15.023743096878977
Ohio,2024,0.17883967800000278,8.319246751816308,0.031719114090908995,14.323109370363454,7.673822804218162,0.0,17.087272727272648,14.204599999999985,13.371056903120987,15.038143096878983
Ohio,2025,0.1679637966818177,7.9704434854280635,0.03158272840909082,13.848628809727074,7.405571249654486,0.0,16.534545454545423,14.21319999999999,13.379656903120992,15.046743096878988
Ohio,2026,0.1570879153636362,7.6216402190398185,0.03144634272727265,13.374148249090695,7.137319695090923,0.0,15.981818181818198,14.175099999999999,13.341556903121,15.008643096878997
Oklahoma,2022,0.3524770221090918,7.413187870454543,0.03014479839999995,17.469078326363842,8.152866211563605,0.0,16.509090909090673,14.93219999999998,14.098656903120983,15.765743096878978
Oklahoma,2023,0.3704007376272713,7.435993058318182,0.029665539618181858,17.08778507545469,8.017741180809082,0.0,15.763636363636124,14.86349999999999,14.029956903120992,15.697043096878987
Oklahoma,2024,0.38832445314545794,7.458798246181821,0.029186280836363654,16.70649182454565,7.882616150054503,0.0,15.018181818181574,14.810099999999998,13.976556903121,15.643643096878996
Oklahoma,2025,0.40624816866363744,7.481603434045461,0.02870702205454545,16.3251985736365,7.74749111929998,0.0,14.272727272727025,14.761,13.927456903121001,15.594543096878997
Oklahoma,2026,0.42417188418181695,7.5044086219091,0.028227763272727247,15.94390532272746,7.6123660885454,0.0,13.527272727272475,14.765000000000006,13.931456903121008,15.598543096879004
Oregon,2022,0.2289654514545454,8.635659531549209,0.025693629963636333,19.003582976363532,11.593032904963593,0.17736223585455946,12.47090909090889,16.604200000000063,15.770656903121065,17.43774309687906
Oregon,2023,0.21970815945454447,8.482074295363645,0.025612975518181785,19.647633291363718,11.958383708881797,0.12043240866366034,11.86454545454535,16.52100000000007,15.68745690312107,17.354543096879066
Oregon,2024,0.21045086745454356,8.328489059178025,0.025532321072727238,20.291683606363677,12.323734512800002,0.06350258147274701,11.258181818181583,16.47180000000007,15.638256903121071,17.305343096879067
Oregon,2025,0.20119357545454264,8.174903822992405,0.025451666627272662,20.935733921363635,12.689085316718206,0.0065727542818336815,10.651818181818044,16.374200000000073,15.540656903121075,17.20774309687907
Oregon,2026,0.19193628345454172,8.021318586806785,0.025371012181818114,21.579784236363594,13.054436120636296,0.0,10.045454545454277,16.313600000000076,15.480056903121078,17.147143096879073
Pennsylvania,2022,0.273543905854547,5.57584810995445,0.029289983763636368,14.606261640727269,7.576890288163668,0.04015808305450719,14.267272727272712,15.01720000000005,14.183656903121053,15.850743096879048
Pennsylvania,2023,0.27931747048181954,5.205549752818115,0.029252839845454556,14.356841342363623,7.234321017827256,0.0,13.552727272727225,15.01500000000005,14.181456903121052,15.848543096879048
Pennsylvania,2024,0.28509103510909206,4.8352513956816665,0.02921569592727273,14.107421043999977,6.891751747490957,0.0,12.838181818181738,15.03600000000005,14.202456903121051,15.869543096879047
Pennsylvania,2025,0.2908645997363646,4.464953038545332,0.029178552009090905,13.858000745636389,6.549182477154545,0.0,12.123636363636251,15.009000000000047,14.175456903121049,15.842543096879044
Pennsylvania,2026,0.2966381643636389,4.094654681408997,0.029141408090909093,13.608580447272743,6.206613206818247,0.0,11.409090909090764,15.023600000000044,14.190056903121047,15.857143096879042
Rhode Island,2022,0.41507082405454554,10.573199048068147,0.03364582143636366,11.260480953091019,5.706155974836349,0.0,11.629090909091019,16.058200000000028,15.22465690312103,16.891743096879026
Rhode Island,2023,0.4282677316090897,10.800298344772727,0.03375172905454549,11.063772735272835,5.549577396172765,0.0,10.99454545454546,16.06480000000002,15.231256903121022,16.898343096879017
Rhode Island,2024,0.44146463916363743,11.02739764147725,0.03385763667272729,10.86706451745465,5.392998817509124,0.0,10.360000000000127,16.05400000000002,15.220456903121022,16.887543096879018
Rhode Island,2025,0.4546615467181816,11.254496938181774,0.033963544290909115,10.670356299636467,5.236420238845483,0.0,9.725454545454568,16.041200000000018,15.20765690312102,16.874743096879016
Rhode Island,2026,0.4678584542727293,11.481596234886354,0.03406945190909094,10.473648081818283,5.079841660181842,0.0,9.090909090909236,16.02380000000002,15.190256903121021,16.857343096879017
South Carolina,2022,0.07782822076363516,4.603375753151511,0.027660630127272823,13.090524042363654,6.796923709600151,0.023321712309098075,15.525454545454295,14.15120000000001,13.317656903121012,14.984743096879008
South Carolina,2023,0.06716526448181881,4.482206434772706,0.027348796481818316,12.67301296109099,6.543224297609186,0.0,14.82818181818152,14.205200000000007,13.371656903121009,15.038743096879005
South Carolina,2024,0.05650230819999891,4.361037116393902,0.02703696283636381,12.255501879818212,6.289524885618334,0.0,14.130909090908744,14.260600000000004,13.427056903121006,15.094143096879002
South Carolina,2025,0.04583935191818256,4.239867798015126,0.02672512919090919,11.837990798545434,6.035825473627369,0.0,13.43363636363597,14.346400000000008,13.51285690312101,15.179943096879006
South Carolina,2026,0.035176395636362656,4.118698479636322,0.026413295545454685,11.42047971727277,5.782126061636518,0.0,12.736363636363194,14.36820000000001,13.534656903121013,15.201743096879008
South Dakota,2022,0.19808161874545505,2.6849185246950924,0.03319762627272725,18.517705727090828,5.065572728036329,0.47355828141819023,15.961818181818217,11.43709999999998,10.603556903120982,12.270643096878977
South Dakota,2023,0.20067405694545482,2.5252096411136336,0.03314702177272724,18.581661006909002,4.908912179345407,0.4757389318818279,15.423636363636433,11.438099999999977,10.60455690312098,12.271643096878975
South Dakota,2024,0.20326649514545458,2.3655007575322315,0.03309641727272725,18.645616286727176,4.752251630654541,0.4779195823454656,14.885454545454422,11.416699999999983,10.583156903120985,12.25024309687898
South Dakota,2025,0.20585893334545435,2.2057918739507727,0.03304581277272724,18.70957156654535,4.595591081963619,0.4801002328091033,14.347272727272639,11.420499999999981,10.586956903120983,12.254043096878979
South Dakota,2026,0.208451371545455,2.046082990369314,0.03299520827272723,18.773526846363524,4.438930533272696,0.482280883272741,13.809090909090855,11.431199999999981,10.597656903120983,12.264743096878979
Tennessee,2022,0.20841695152726913,7.308790058479076,0.029923256381818253,16.1074828616363,6.14529739227271,0.7824644144181718,18.930909090909154,15.32299999999995,14.489456903120953,16.15654309687895
Tennessee,2023,0.19732159150908757,7.104029303249945,0.029503672536363656,15.778686425545288,5.670004038272737,0.6771353864727416,18.40727272727281,15.250199999999957,14.416656903120959,16.083743096878955
Tennessee,2024,0.186226231490906,6.899268548020757,0.02908408869090917,15.449889989454391,5.19471068427265,0.571806358527283,17.883636363636242,15.23099999999995,14.397456903120952,16.064543096878946
Tennessee,2025,0.17513087147272444,6.694507792791569,0.028664504845454575,15.121093553363494,4.719417330272677,0.4664773305818244,17.3599999999999,15.146299999999956,14.312756903120958,15.979843096878954
Tennessee,2026,0.16403551145454287,6.489747037562438,0.02824492099999998,14.792297117272597,4.244123976272704,0.36114830263636577,16.836363636363558,15.081899999999958,14.24835690312096,15.915443096878956
Texas,2022,0.3033137302545441,6.019048407090935,0.027921462272727293,24.278579616363665,8.088856124727329,0.9209626687636359,12.374545454545569,12.6716000000001,11.838056903121101,13.505143096879097
Texas,2023,0.31174466673636303,5.9158845913636355,0.027723339727272756,24.297117407727306,7.8574233328182,0.959284493845459,11.88545454545465,12.6758000000001,11.842256903121102,13.509343096879098
Texas,2024,0.32017560321818195,5.812720775636365,0.027525217181818218,24.315655199090948,7.625990540909129,0.9976063189272821,11.39636363636373,12.734400000000095,11.900856903121097,13.567943096879093
Texas,2025,0.32860653970000087,5.709556959909094,0.02732709463636368,24.33419299045459,7.394557749000057,1.0359281440091053,10.907272727272812,12.758400000000094,11.924856903121096,13.591943096879092
Texas,2026,0.33703747618181623,5.606393144181823,0.027128972090909143,24.35273078181823,7.163124957090929,1.0742499690909142,10.418181818181893,12.761000000000095,11.927456903121097,13.594543096879093
Utah,2022,0.1471465408545356,6.4200955140890414,0.0373448635636362,20.519134859999944,7.160822454945446,0.2063954442545537,6.969090909090937,14.846599999999997,14.013056903120999,15.680143096878995
Utah,2023,0.11559725448180558,6.206964785022706,0.037097295854545353,20.55280493409085,7.083217855527266,0.13240980364545862,6.592727272727302,14.909800000000004,14.076256903121006,15.743343096879002
Utah,2024,0.08404796810907555,5.993834055956427,0.0368497281454544,20.586475008181743,7.005613256109058,0.05842416303636355,6.216363636363667,14.851600000000008,14.01805690312101,15.685143096879006
Utah,2025,0.05249868173634553,5.780703326890148,0.03660216043636344,20.62014508227265,6.928008656690878,0.0,5.840000000000032,14.810600000000006,13.977056903121008,15.644143096879004
Utah,2026,0.020949395363622614,5.567572597823869,0.036354592727272594,20.653815156363542,6.850404057272698,0.0,5.463636363636397,14.778400000000001,13.944856903121003,15.611943096879
Vermont,2022,0.1524762087454583,5.1875266262385935,0.028706389727272685,7.762144759363622,5.144652268672701,0.0,13.423636363636547,16.042900000000063,15.209356903121066,16.87644309687906
Vermont,2023,0.14038786985454976,4.96771948245447,0.02835843463636356,7.639041569636362,4.996170873345477,0.0,13.02000000000021,15.97450000000007,15.140956903121072,16.808043096879068
Vermont,2024,0.12829953096364122,4.747912338670403,0.028010479545454547,7.515938379909073,4.8476894780181965,0.0,12.616363636363872,15.978100000000072,15.144556903121074,16.81164309687907
Vermont,2025,0.11621119207273267,4.52810519488628,0.027662524454545423,7.392835190181813,4.699208082690916,0.0,12.21272727272742,15.950100000000075,15.116556903121078,16.78364309687907
Vermont,2026,0.10412285318182057,4.308298051102213,0.0273145693636363,7.269732000454553,4.550726687363635,0.0,11.809090909091083,15.935500000000072,15.101956903121074,16.76904309687907
Virginia,2022,0.265749172636363,6.699205736155307,0.029218024127272813,9.837284114800013,6.66896331249086,0.7241312238000006,11.698181818181638,13.749000000000049,12.91545690312105,14.582543096879046
Virginia,2023,0.2647411129545447,6.548570572954532,0.028821642618181875,9.477214239418231,6.472391374618098,0.7122893848272724,10.896363636363503,13.753400000000042,12.919856903121044,14.58694309687904
Virginia,2024,0.26373305327272645,6.397935409753757,0.028425261109090938,9.117144364036335,6.275819436745394,0.7004475458545478,10.094545454545369,13.784200000000027,12.950656903121029,14.617743096879025
Virginia,2025,0.2627249935909082,6.247300246552982,0.02802887960000011,8.757074488654553,6.0792474988726894,0.6886057068818197,9.292727272727006,13.793400000000023,12.959856903121025,14.626943096879021
Virginia,2026,0.2617169339090899,6.0966650833522635,0.027632498090909174,8.39700461327277,5.882675560999928,0.6767638679090915,8.490909090908872,13.845400000000025,13.011856903121027,14.678943096879022
Washington,2022,0.20874097638181865,15.392327450564608,0.02985607627272735,21.97495839399994,8.165031009399996,0.7106706857090934,10.050909090909272,15.364299999999982,14.530756903120984,16.19784309687898
Washington,2023,0.19469306267273012,16.070707754591012,0.030189823363636514,22.32021260890906,8.249447948300002,0.7228964895090932,9.370000000000118,15.314199999999982,14.480656903120984,16.14774309687898
Washington,2024,0.18064514896363804,16.749088058617644,0.030523570454545568,22.665466823818065,8.333864887200008,0.7351222933090966,8.689090909090964,15.316199999999984,14.482656903120986,16.149743096878982
Washington,2025,0.16659723525454595,17.42746836264405,0.030857317545454732,23.010721038727183,8.418281826099985,0.7473480971090964,8.00818181818181,15.321999999999983,14.488456903120985,16.15554309687898
Washington,2026,0.15254932154545386,18.10584866667068,0.031191064636363786,23.355975253636302,8.502698764999991,0.7595739009090963,7.327272727272657,15.297999999999986,14.464456903120988,16.131543096878982
West Virginia,2022,0.16629614899999723,7.993465654,0.027384527709091055,13.851196633636363,7.466029027254535,0.9210831257998962,21.794545454545414,16.453599999999945,15.620056903120947,17.287143096878943
West Virginia,2023,0.1472440388181795,7.993465654,0.027014296009091,13.791930542272738,7.198886668508976,0.6524249952362879,21.170909090909163,16.40079999999994,15.567256903120942,17.234343096878938
West Virginia,2024,0.12819192863636175,7.993465654,0.026644064309091053,13.732664450909098,6.9317443097635305,0.38376686467267973,20.547272727272684,16.31419999999994,15.480656903120941,17.147743096878937
West Virginia,2025,0.10913981845454401,7.993465654,0.026273832609090997,13.673398359545459,6.664601951018085,0.11510873410907152,19.923636363636433,16.274199999999944,15.440656903120946,17.10774309687894
West Virginia,2026,0.09008770827272627,7.993465654,0.02590360090909105,13.61413226818182,6.397459592272639,0.0,19.299999999999955,16.24719999999994,15.413656903120941,17.080743096878937
Wisconsin,2022,0.225651876109092,9.942880744484683,0.03274682619999997,14.554314909454604,6.527141045345502,0.0,13.265454545454304,13.598799999999997,12.765256903121,14.432343096878995
Wisconsin,2023,0.2303857437181822,10.23475341127255,0.03259869976363633,14.711189136636449,6.323323288372762,0.0,12.621818181817844,13.648799999999998,12.815256903121,14.482343096878996
Wisconsin,2024,0.2351196113272742,10.526626078060417,0.032450573327272636,14.868063363818237,6.119505531400023,0.0,11.978181818181383,13.660999999999998,12.827456903121,14.494543096878996
Wisconsin,2025,0.23985347893636444,10.818498744848284,0.032302446890909,15.024937591000082,5.915687774427283,0.0,11.33454545454515,13.703999999999997,12.870456903121,14.537543096878995
Wisconsin,2026,0.24458734654545644,11.110371411636152,0.03215432045454536,15.181811818181927,5.711870017454601,0.0,10.69090909090869,13.7372,12.903656903121002,14.570743096878997
Wyoming,2022,0.10221360883636166,2.1500738690189394,0.03874455618181821,14.927424811272658,4.112461925490898,0.48193789749092275,16.458181818181856,13.875899999999993,13.042356903120995,14.70944309687899
Wyoming,2023,0.09743301235454283,2.0796318419090767,0.03868788663636366,14.806452823908984,4.09502408452726,0.39906329039092725,15.961818181818103,13.963899999999985,13.130356903120987,14.797443096878983
Wyoming,2024,0.09265241587272399,2.0091898147992424,0.03863121709090912,14.685480836545338,4.077586243563616,0.31618868329093175,15.465454545454463,14.04869999999998,13.215156903120983,14.882243096878979
Wyoming,2025,0.08787181939090516,1.9387477876893797,0.038574547545454585,14.564508849181692,4.060148402599978,0.23331407619093625,14.969090909090824,14.087899999999985,13.254356903120987,14.921443096878983
Wyoming,2026,0.08309122290908633,1.868305760579517,0.03851787800000003,14.443536861818046,4.042710561636341,0.15043946909091233,14.472727272727184,14.088899999999986,13.255356903120989,14.922443096878984
